指数,代码,持有期,起点,终点,XIRR,总投入,终值,交易
沪深300,000300,3yr,2014-01-08,2017-01-08,85.9,44500,29429,56
沪深300,000300,3yr,2016-04-08,2019-04-08,73.99,34000,43140,40
沪深300,000300,3yr,2013-10-08,2016-10-08,73.38,63000,38994,70
沪深300,000300,3yr,2013-07-08,2016-07-08,66.46,79500,48459,83
沪深300,000300,3yr,2013-04-08,2016-04-08,61.64,92500,54709,96
沪深300,000300,3yr,2013-01-08,2016-01-08,61.59,96500,56628,108
沪深300,000300,3yr,2012-10-08,2015-10-08,51.93,113000,65612,119
沪深300,000300,3yr,2012-07-08,2015-07-08,46.03,131000,77634,130
沪深300,000300,3yr,2019-01-08,2022-01-08,37.41,25000,8322,72
沪深300,000300,3yr,2018-10-08,2021-10-08,36.67,42000,17341,85
沪深300,000300,3yr,2018-07-08,2021-07-08,35.64,50750,21600,97
沪深300,000300,3yr,2018-04-08,2021-04-08,32.91,52250,21822,100
沪深300,000300,3yr,2016-07-08,2019-07-08,31.37,37000,43957,50
沪深300,000300,3yr,2019-07-08,2022-07-08,31.28,30750,18293,71
沪深300,000300,3yr,2012-04-08,2015-04-08,30.79,147000,116258,140
沪深300,000300,3yr,2012-01-08,2015-01-08,27.23,160500,200612,150
沪深300,000300,3yr,2017-07-08,2020-07-08,26.35,52250,57579,93
沪深300,000300,3yr,2018-01-08,2021-01-08,26.18,52250,27773,97
沪深300,000300,3yr,2019-04-08,2022-04-08,25.51,21250,4797,67
沪深300,000300,3yr,2017-01-08,2020-01-08,23.6,43250,53650,74
沪深300,000300,3yr,2017-10-08,2020-10-08,22.95,52250,36181,95
沪深300,000300,3yr,2023-07-08,2026-07-08,19.38,35500,4610,60
沪深300,000300,3yr,2016-10-08,2019-10-08,19.35,40250,46558,63
沪深300,000300,3yr,2023-04-08,2026-04-08,15.36,41250,4560,72
沪深300,000300,3yr,2020-01-08,2023-01-08,11.78,53500,45436,71
沪深300,000300,3yr,2023-01-08,2026-01-08,10.31,46750,4510,81
沪深300,000300,3yr,2017-04-08,2020-04-08,10.26,49250,54955,85
沪深300,000300,3yr,2019-10-08,2022-10-08,9.38,39750,26941,70
沪深300,000300,3yr,2021-10-08,2024-10-08,8.69,91250,86333,112
沪深300,000300,3yr,2020-04-08,2023-04-08,8.33,53500,51929,73
沪深300,000300,3yr,2022-10-08,2025-10-08,5.44,63750,6226,92
沪深300,000300,3yr,2022-07-08,2025-07-08,3.01,76250,6266,105
沪深300,000300,3yr,2011-10-08,2014-10-08,2.78,178250,186124,156
沪深300,000300,3yr,2022-01-08,2025-01-08,1.4,91250,30045,116
沪深300,000300,3yr,2022-04-08,2025-04-08,1.26,88750,14281,115
沪深300,000300,3yr,2015-10-08,2018-10-08,0.9,11250,11263,18
沪深300,000300,3yr,2014-04-08,2017-04-08,0.0,25000,16579,45
沪深300,000300,3yr,2014-07-08,2017-07-08,0.0,8500,5054,34
沪深300,000300,3yr,2014-10-08,2017-10-08,0.0,2000,994,23
沪深300,000300,3yr,2015-01-08,2018-01-08,0.0,0,0,0
沪深300,000300,3yr,2015-04-08,2018-04-08,0.0,0,0,0
沪深300,000300,3yr,2015-07-08,2018-07-08,0.0,1500,1376,5
沪深300,000300,3yr,2010-01-08,2013-01-08,-2.78,138000,133701,153
沪深300,000300,3yr,2010-10-08,2013-10-08,-3.73,156000,148063,155
沪深300,000300,3yr,2020-07-08,2023-07-08,-4.42,55750,53889,68
沪深300,000300,3yr,2010-04-08,2013-04-08,-4.83,140000,131321,155
沪深300,000300,3yr,2021-04-08,2024-04-08,-5.72,87500,82046,104
沪深300,000300,3yr,2011-07-08,2014-07-08,-6.4,189500,171955,156
沪深300,000300,3yr,2020-10-08,2023-10-08,-6.83,63500,59714,80
沪深300,000300,3yr,2021-07-08,2024-07-08,-7.37,87500,78981,104
沪深300,000300,3yr,2011-01-08,2014-01-08,-7.56,170000,152366,155
沪深300,000300,3yr,2011-04-08,2014-04-08,-7.86,184000,163608,156
沪深300,000300,3yr,2010-07-08,2013-07-08,-11.39,147500,125691,155
沪深300,000300,3yr,2009-04-08,2012-04-08,-11.6,90500,81443,127
沪深300,000300,3yr,2009-07-08,2012-07-08,-12.43,105500,93282,136
沪深300,000300,3yr,2009-10-08,2012-10-08,-14.44,123750,106102,144
沪深300,000300,3yr,2021-01-08,2024-01-08,-14.62,80500,69717,94
沪深300,000300,3yr,2009-01-08,2012-01-08,-18.27,86250,71654,127
沪深300,000300,3yr,2016-01-08,2019-01-08,-22.51,28750,27209,31
沪深300,000300,5yr,2014-07-08,2019-07-08,84.56,27000,14964,85
沪深300,000300,5yr,2014-04-08,2019-04-08,81.94,43250,33286,91
沪深300,000300,5yr,2014-10-08,2019-10-08,75.15,18750,16690,85
沪深300,000300,5yr,2014-01-08,2019-01-08,73.28,61000,48561,99
沪深300,000300,5yr,2013-10-08,2018-10-08,65.31,75750,64235,100
沪深300,000300,5yr,2013-07-08,2018-07-08,60.39,91000,79320,102
沪深300,000300,5yr,2013-04-08,2018-04-08,56.07,106000,90436,113
沪深300,000300,5yr,2013-01-08,2018-01-08,54.02,114000,95234,123
沪深300,000300,5yr,2012-10-08,2017-10-08,50.03,133000,110880,134
沪深300,000300,5yr,2012-07-08,2017-07-08,46.74,151000,124874,144
沪深300,000300,5yr,2012-04-08,2017-04-08,43.39,168500,135267,154
沪深300,000300,5yr,2012-01-08,2017-01-08,40.65,184500,144933,163
沪深300,000300,5yr,2016-07-08,2021-07-08,38.85,27750,9759,92
沪深300,000300,5yr,2016-10-08,2021-10-08,37.35,27750,9661,92
沪深300,000300,5yr,2011-10-08,2016-10-08,36.4,204000,155274,172
沪深300,000300,5yr,2017-01-08,2022-01-08,34.15,29000,9631,97
沪深300,000300,5yr,2011-07-08,2016-07-08,32.22,222000,161766,183
沪深300,000300,5yr,2016-04-08,2021-04-08,31.88,27750,9625,88
沪深300,000300,5yr,2011-01-08,2016-01-08,30.9,241750,171369,208
沪深300,000300,5yr,2011-04-08,2016-04-08,30.74,236000,165990,196
沪深300,000300,5yr,2015-07-08,2020-07-08,30.69,27750,29222,82
沪深300,000300,5yr,2010-10-08,2015-10-08,29.76,242250,167705,208
沪深300,000300,5yr,2016-01-08,2021-01-08,29.38,27750,14095,86
沪深300,000300,5yr,2017-04-08,2022-04-08,28.91,31250,9124,103
沪深300,000300,5yr,2010-07-08,2015-07-08,28.87,242250,174261,207
沪深300,000300,5yr,2010-04-08,2015-04-08,25.56,242250,338864,204
沪深300,000300,5yr,2015-10-08,2020-10-08,25.17,27750,18362,84
沪深300,000300,5yr,2015-01-08,2020-01-08,24.62,17500,20981,62
沪深300,000300,5yr,2017-07-08,2022-07-08,24.07,40000,15628,115
沪深300,000300,5yr,2010-01-08,2015-01-08,20.52,242250,361454,203
沪深300,000300,5yr,2018-01-08,2023-01-08,18.58,65500,40053,140
沪深300,000300,5yr,2017-10-08,2022-10-08,18.27,48500,21457,127
沪深300,000300,5yr,2018-04-08,2023-04-08,17.95,70250,46145,152
沪深300,000300,5yr,2019-10-08,2024-10-08,15.22,101500,106796,171
沪深300,000300,5yr,2018-07-08,2023-07-08,11.79,74500,47763,163
沪深300,000300,5yr,2021-07-08,2026-07-08,11.19,88500,21600,139
沪深300,000300,5yr,2021-04-08,2026-04-08,9.26,88500,20541,138
沪深300,000300,5yr,2020-10-08,2025-10-08,9.23,88500,88213,131
沪深300,000300,5yr,2021-01-08,2026-01-08,9.11,88500,37155,135
沪深300,000300,5yr,2015-04-08,2020-04-08,8.84,24500,26189,73
沪深300,000300,5yr,2018-10-08,2023-10-08,7.14,78750,52616,165
沪深300,000300,5yr,2020-07-08,2025-07-08,3.05,88500,94441,130
沪深300,000300,5yr,2020-01-08,2025-01-08,2.78,98500,90532,159
沪深300,000300,5yr,2009-10-08,2014-10-08,0.34,238750,240232,195
沪深300,000300,5yr,2019-04-08,2024-04-08,-0.08,98500,77307,172
沪深300,000300,5yr,2020-04-08,2025-04-08,-1.09,92750,85977,150
沪深300,000300,5yr,2019-07-08,2024-07-08,-3.38,98750,76256,173
沪深300,000300,5yr,2019-01-08,2024-01-08,-5.87,91250,63023,166
沪深300,000300,5yr,2009-07-08,2014-07-08,-7.19,227750,201953,182
沪深300,000300,5yr,2009-01-08,2014-01-08,-7.92,190750,170029,156
沪深300,000300,5yr,2009-04-08,2014-04-08,-8.31,210250,184798,169
沪深300,000300,10yr,2011-07-08,2021-07-08,21.3,19000,9291,85
沪深300,000300,10yr,2011-10-08,2021-10-08,20.84,19000,9227,85
沪深300,000300,10yr,2012-01-08,2022-01-08,20.48,19000,9225,85
沪深300,000300,10yr,2016-07-08,2026-07-08,19.77,63000,19382,202
沪深300,000300,10yr,2012-04-08,2022-04-08,19.76,19250,9008,86
沪深300,000300,10yr,2011-04-08,2021-04-08,18.63,19000,9222,81
沪深300,000300,10yr,2012-07-08,2022-07-08,17.93,21500,9395,95
沪深300,000300,10yr,2016-04-08,2026-04-08,17.01,66250,20463,212
沪深300,000300,10yr,2009-04-08,2019-04-08,15.33,16250,20878,63
沪深300,000300,10yr,2011-01-08,2021-01-08,15.15,19000,10572,79
沪深300,000300,10yr,2014-10-08,2024-10-08,15.06,66000,59841,203
沪深300,000300,10yr,2012-10-08,2022-10-08,14.82,24000,8606,105
沪深300,000300,10yr,2016-01-08,2026-01-08,14.2,69250,22795,221
沪深300,000300,10yr,2010-07-08,2020-07-08,14.18,19000,21917,75
沪深300,000300,10yr,2010-10-08,2020-10-08,13.24,19000,13772,77
沪深300,000300,10yr,2013-04-08,2023-04-08,12.8,32500,15743,130
沪深300,000300,10yr,2013-01-08,2023-01-08,12.79,29500,12322,118
沪深300,000300,10yr,2015-10-08,2025-10-08,12.6,69250,42380,217
沪深300,000300,10yr,2013-07-08,2023-07-08,11.32,35750,17876,143
沪深300,000300,10yr,2010-01-08,2020-01-08,11.21,17000,21951,66
沪深300,000300,10yr,2009-07-08,2019-07-08,10.52,17000,20552,66
沪深300,000300,10yr,2013-10-08,2023-10-08,10.24,39500,20943,155
沪深300,000300,10yr,2015-07-08,2025-07-08,9.36,69250,56715,215
沪深300,000300,10yr,2015-01-08,2025-01-08,9.21,66750,51568,206
沪深300,000300,10yr,2014-04-08,2024-04-08,8.73,57000,38240,181
沪深300,000300,10yr,2009-10-08,2019-10-08,8.54,17000,20249,66
沪深300,000300,10yr,2014-01-08,2024-01-08,6.97,50500,29304,169
沪深300,000300,10yr,2015-04-08,2025-04-08,6.91,68250,50508,211
沪深300,000300,10yr,2014-07-08,2024-07-08,6.72,59750,39474,192
沪深300,000300,10yr,2010-04-08,2020-04-08,6.49,18250,21301,71
沪深300,000300,10yr,2009-01-08,2019-01-08,-2.9,15000,14354,58
上证50,000016,3yr,2014-01-08,2017-01-08,95.23,50500,34226,59
上证50,000016,3yr,2013-10-08,2016-10-08,79.62,69000,43823,71
上证50,000016,3yr,2013-07-08,2016-07-08,70.62,87000,54109,84
上证50,000016,3yr,2016-04-08,2019-04-08,70.55,20750,25437,40
上证50,000016,3yr,2013-01-08,2016-01-08,64.57,104250,61295,108
上证50,000016,3yr,2013-04-08,2016-04-08,64.2,101000,59940,97
上证50,000016,3yr,2012-10-08,2015-10-08,55.79,119250,68796,120
上证50,000016,3yr,2012-07-08,2015-07-08,49.89,137250,82324,131
上证50,000016,3yr,2016-07-08,2019-07-08,36.92,24000,28624,48
上证50,000016,3yr,2012-01-08,2015-01-08,33.23,160750,211689,150
上证50,000016,3yr,2012-04-08,2015-04-08,32.92,150250,101713,141
上证50,000016,3yr,2018-07-08,2021-07-08,31.02,55000,14621,99
上证50,000016,3yr,2018-10-08,2021-10-08,30.81,51500,13069,87
上证50,000016,3yr,2019-01-08,2022-01-08,30.73,42250,9348,74
上证50,000016,3yr,2019-04-08,2022-04-08,27.69,36500,6516,68
上证50,000016,3yr,2020-01-08,2023-01-08,26.95,42750,23988,70
上证50,000016,3yr,2017-07-08,2020-07-08,26.88,56250,57098,94
上证50,000016,3yr,2018-04-08,2021-04-08,26.11,56250,15130,101
上证50,000016,3yr,2018-01-08,2021-01-08,23.78,56250,26416,98
上证50,000016,3yr,2019-07-08,2022-07-08,22.46,36500,6784,70
上证50,000016,3yr,2017-01-08,2020-01-08,22.19,35250,41532,72
上证50,000016,3yr,2019-10-08,2022-10-08,21.66,34750,9589,69
上证50,000016,3yr,2023-07-08,2026-07-08,21.53,22500,3099,52
上证50,000016,3yr,2016-10-08,2019-10-08,21.38,30250,34454,61
上证50,000016,3yr,2017-10-08,2020-10-08,20.22,56250,35185,96
上证50,000016,3yr,2023-04-08,2026-04-08,16.33,27000,3180,63
上证50,000016,3yr,2020-04-08,2023-04-08,15.44,36000,26625,71
上证50,000016,3yr,2015-10-08,2018-10-08,12.79,5000,5104,18
上证50,000016,3yr,2021-10-08,2024-10-08,9.55,52500,41045,100
上证50,000016,3yr,2023-01-08,2026-01-08,9.09,30750,3266,71
上证50,000016,3yr,2022-10-08,2025-10-08,5.88,44250,5343,83
上证50,000016,3yr,2017-04-08,2020-04-08,5.0,47250,49159,84
上证50,000016,3yr,2022-07-08,2025-07-08,4.38,48500,5308,95
上证50,000016,3yr,2022-01-08,2025-01-08,3.19,52500,13154,104
上证50,000016,3yr,2022-04-08,2025-04-08,3.19,51500,6469,103
上证50,000016,3yr,2010-01-08,2013-01-08,2.27,164750,169896,154
上证50,000016,3yr,2011-10-08,2014-10-08,0.31,176500,177306,155
上证50,000016,3yr,2014-04-08,2017-04-08,0.0,31000,20501,50
上证50,000016,3yr,2014-07-08,2017-07-08,0.0,13500,8317,40
上证50,000016,3yr,2014-10-08,2017-10-08,0.0,3750,2102,29
上证50,000016,3yr,2015-01-08,2018-01-08,0.0,0,0,0
上证50,000016,3yr,2015-04-08,2018-04-08,0.0,0,0,0
上证50,000016,3yr,2015-07-08,2018-07-08,0.0,1250,1146,5
上证50,000016,3yr,2010-04-08,2013-04-08,-2.19,165500,159919,154
上证50,000016,3yr,2021-04-08,2024-04-08,-3.27,51000,49397,94
上证50,000016,3yr,2020-10-08,2023-10-08,-3.85,34750,33739,74
上证50,000016,3yr,2021-07-08,2024-07-08,-4.06,51000,48512,94
上证50,000016,3yr,2010-10-08,2013-10-08,-4.86,172250,159712,154
上证50,000016,3yr,2011-07-08,2014-07-08,-6.45,185250,168387,155
上证50,000016,3yr,2020-07-08,2023-07-08,-7.58,30000,28565,63
上证50,000016,3yr,2011-04-08,2014-04-08,-8.2,183750,162359,155
上证50,000016,3yr,2011-01-08,2014-01-08,-8.77,177250,154976,154
上证50,000016,3yr,2009-04-08,2012-04-08,-8.88,124750,113118,139
上证50,000016,3yr,2009-07-08,2012-07-08,-9.36,135750,121183,144
上证50,000016,3yr,2010-07-08,2013-07-08,-10.46,169750,143350,154
上证50,000016,3yr,2009-10-08,2012-10-08,-10.78,153500,133574,150
上证50,000016,3yr,2021-01-08,2024-01-08,-13.06,45500,40742,88
上证50,000016,3yr,2009-01-08,2012-01-08,-16.28,121750,102231,139
上证50,000016,3yr,2016-01-08,2019-01-08,-20.78,15500,14838,31
上证50,000016,5yr,2014-04-08,2019-04-08,65.87,50250,36238,90
上证50,000016,5yr,2014-07-08,2019-07-08,65.59,33250,19202,83
上证50,000016,5yr,2014-01-08,2019-01-08,61.98,67750,52141,97
上证50,000016,5yr,2013-10-08,2018-10-08,56.27,84000,67725,97
上证50,000016,5yr,2013-07-08,2018-07-08,52.17,102750,82513,107
上证50,000016,5yr,2014-10-08,2019-10-08,51.79,21500,13092,81
上证50,000016,5yr,2013-04-08,2018-04-08,48.67,118250,92156,120
上证50,000016,5yr,2013-01-08,2018-01-08,47.13,125000,95416,130
上证50,000016,5yr,2012-10-08,2017-10-08,43.4,142500,106991,141
上证50,000016,5yr,2012-07-08,2017-07-08,40.44,160500,118999,152
上证50,000016,5yr,2012-04-08,2017-04-08,37.19,177000,126894,163
上证50,000016,5yr,2012-01-08,2017-01-08,33.4,190000,132884,172
上证50,000016,5yr,2016-07-08,2021-07-08,33.26,31500,7484,82
上证50,000016,5yr,2016-10-08,2021-10-08,31.82,31500,7335,82
上证50,000016,5yr,2017-01-08,2022-01-08,30.86,31500,7345,82
上证50,000016,5yr,2015-07-08,2020-07-08,27.83,35000,31646,100
上证50,000016,5yr,2017-04-08,2022-04-08,27.25,32750,7107,87
上证50,000016,5yr,2011-10-08,2016-10-08,25.84,209500,136939,182
上证50,000016,5yr,2010-07-08,2015-07-08,25.55,258500,180228,207
上证50,000016,5yr,2016-01-08,2021-01-08,25.48,34500,14628,102
上证50,000016,5yr,2010-04-08,2015-04-08,24.55,258500,356435,204
上证50,000016,5yr,2016-04-08,2021-04-08,24.27,32250,7717,95
上证50,000016,5yr,2011-07-08,2016-07-08,24.02,229000,144764,195
上证50,000016,5yr,2010-10-08,2015-10-08,22.72,259000,159552,209
上证50,000016,5yr,2010-01-08,2015-01-08,22.65,258500,405738,203
上证50,000016,5yr,2011-04-08,2016-04-08,22.38,245750,148537,205
上证50,000016,5yr,2011-01-08,2016-01-08,22.09,258000,159024,208
上证50,000016,5yr,2015-10-08,2020-10-08,22.02,34500,19485,100
上证50,000016,5yr,2017-07-08,2022-07-08,21.42,35750,7498,96
上证50,000016,5yr,2015-01-08,2020-01-08,20.31,18000,16981,79
上证50,000016,5yr,2018-01-08,2023-01-08,18.68,53250,24774,120
上证50,000016,5yr,2017-10-08,2022-10-08,17.74,39500,9759,107
上证50,000016,5yr,2018-04-08,2023-04-08,16.19,56250,27373,132
上证50,000016,5yr,2019-10-08,2024-10-08,15.98,61750,41118,129
上证50,000016,5yr,2018-07-08,2023-07-08,11.54,58000,27290,139
上证50,000016,5yr,2021-07-08,2026-07-08,11.23,41500,7246,100
上证50,000016,5yr,2018-10-08,2023-10-08,10.96,58750,29148,141
上证50,000016,5yr,2021-04-08,2026-04-08,9.64,41500,7135,97
上证50,000016,5yr,2020-01-08,2025-01-08,8.06,58250,35090,117
上证50,000016,5yr,2021-01-08,2026-01-08,7.64,41500,8755,94
上证50,000016,5yr,2020-10-08,2025-10-08,7.42,41500,20333,90
上证50,000016,5yr,2015-04-08,2020-04-08,7.03,28250,25500,90
上证50,000016,5yr,2020-07-08,2025-07-08,5.36,41500,36347,87
上证50,000016,5yr,2019-04-08,2024-04-08,5.01,64250,39840,140
上证50,000016,5yr,2020-04-08,2025-04-08,4.4,49750,34044,108
上证50,000016,5yr,2019-07-08,2024-07-08,2.83,62750,39032,134
上证50,000016,5yr,2019-01-08,2024-01-08,2.24,62250,32958,141
上证50,000016,5yr,2009-10-08,2014-10-08,-2.01,252750,243394,195
上证50,000016,5yr,2009-07-08,2014-07-08,-7.32,238750,210169,182
上证50,000016,5yr,2009-04-08,2014-04-08,-8.63,220250,191287,169
上证50,000016,5yr,2009-01-08,2014-01-08,-9.18,200750,174348,156
上证50,000016,10yr,2012-01-08,2022-01-08,19.72,39500,16060,132
上证50,000016,10yr,2011-07-08,2021-07-08,19.45,39500,16202,129
上证50,000016,10yr,2011-10-08,2021-10-08,19.41,39500,15963,130
上证50,000016,10yr,2012-04-08,2022-04-08,19.25,39750,15915,133
上证50,000016,10yr,2012-07-08,2022-07-08,18.64,40750,16162,137
上证50,000016,10yr,2012-10-08,2022-10-08,17.7,42000,15730,142
上证50,000016,10yr,2016-07-08,2026-07-08,17.63,49500,12915,183
上证50,000016,10yr,2011-04-08,2021-04-08,17.07,39500,16425,126
上证50,000016,10yr,2016-04-08,2026-04-08,16.54,54500,15841,193
上证50,000016,10yr,2016-01-08,2026-01-08,15.97,61000,20449,203
上证50,000016,10yr,2009-04-08,2019-04-08,15.56,26500,35514,77
上证50,000016,10yr,2013-01-08,2023-01-08,15.55,47000,16328,155
上证50,000016,10yr,2015-10-08,2025-10-08,14.77,61000,20140,199
上证50,000016,10yr,2010-07-08,2020-07-08,14.6,39500,44751,120
上证50,000016,10yr,2011-01-08,2021-01-08,14.43,39500,20704,124
上证50,000016,10yr,2013-04-08,2023-04-08,14.37,49000,16200,163
上证50,000016,10yr,2009-07-08,2019-07-08,13.39,28000,36723,83
上证50,000016,10yr,2015-07-08,2025-07-08,13.25,61000,19096,197
上证50,000016,10yr,2013-07-08,2023-07-08,13.23,50250,15442,168
上证50,000016,10yr,2014-10-08,2024-10-08,12.81,61000,22963,195
上证50,000016,10yr,2010-10-08,2020-10-08,12.73,39500,27576,122
上证50,000016,10yr,2013-10-08,2023-10-08,12.55,51500,15640,173
上证50,000016,10yr,2010-01-08,2020-01-08,12.43,32000,42352,99
上证50,000016,10yr,2015-01-08,2025-01-08,11.33,61000,19695,195
上证50,000016,10yr,2009-10-08,2019-10-08,11.24,30500,38663,93
上证50,000016,10yr,2014-04-08,2024-04-08,11.0,60000,21940,190
上证50,000016,10yr,2015-04-08,2025-04-08,10.95,61000,19231,195
上证50,000016,10yr,2014-01-08,2024-01-08,10.57,57500,18016,186
上证50,000016,10yr,2014-07-08,2024-07-08,10.56,60000,21547,190
上证50,000016,10yr,2010-04-08,2020-04-08,6.82,36500,42483,110
上证50,000016,10yr,2009-01-08,2019-01-08,2.8,24000,25270,69
中证500,000905,3yr,2014-01-07,2017-01-07,79.1,1750,940,20
中证500,000905,3yr,2013-10-07,2016-10-07,65.78,5250,2710,31
中证500,000905,3yr,2013-07-07,2016-07-07,62.66,8500,4809,40
中证500,000905,3yr,2013-04-07,2016-04-07,60.37,13000,7858,50
中证500,000905,3yr,2013-01-07,2016-01-07,57.81,16250,10003,62
中证500,000905,3yr,2012-10-07,2015-10-07,52.08,31750,22639,72
中证500,000905,3yr,2023-07-07,2026-07-07,49.47,26000,6785,61
中证500,000905,3yr,2023-04-07,2026-04-07,47.47,26250,6570,59
中证500,000905,3yr,2012-07-07,2015-07-07,46.83,44250,32141,82
中证500,000905,3yr,2023-01-07,2026-01-07,45.22,26250,6551,57
中证500,000905,3yr,2014-10-07,2017-10-07,33.44,10750,11317,23
中证500,000905,3yr,2014-07-07,2017-07-07,32.19,3250,3349,11
中证500,000905,3yr,2012-04-07,2015-04-07,27.85,56750,48970,91
中证500,000905,3yr,2018-10-07,2021-10-07,21.75,49750,32057,80
中证500,000905,3yr,2019-01-07,2022-01-07,21.4,32750,22271,75
中证500,000905,3yr,2022-10-07,2025-10-07,19.55,32250,6775,64
中证500,000905,3yr,2018-07-07,2021-07-07,18.52,65250,38007,83
中证500,000905,3yr,2012-01-07,2015-01-07,17.58,71750,43546,103
中证500,000905,3yr,2019-07-07,2022-07-07,15.81,41250,36132,73
中证500,000905,3yr,2018-04-07,2021-04-07,14.41,84750,45072,96
中证500,000905,3yr,2011-10-07,2014-10-07,13.69,86250,62755,115
中证500,000905,3yr,2019-04-07,2022-04-07,13.67,31500,22243,73
中证500,000905,3yr,2018-01-07,2021-01-07,12.7,103750,68351,108
中证500,000905,3yr,2016-04-07,2019-04-07,11.19,113250,124390,99
中证500,000905,3yr,2017-10-07,2020-10-07,10.08,120250,73703,121
中证500,000905,3yr,2017-07-07,2020-07-07,9.67,128000,123651,132
中证500,000905,3yr,2022-07-07,2025-07-07,9.4,39500,8416,76
中证500,000905,3yr,2010-10-07,2013-10-07,7.15,89250,97858,122
中证500,000905,3yr,2011-07-07,2014-07-07,6.95,91000,67033,127
中证500,000905,3yr,2011-04-07,2014-04-07,6.18,93000,103301,133
中证500,000905,3yr,2015-01-07,2018-01-07,6.02,27250,27638,36
中证500,000905,3yr,2022-04-07,2025-04-07,4.26,55750,13434,88
中证500,000905,3yr,2020-04-07,2023-04-07,4.15,41750,43307,62
中证500,000905,3yr,2011-01-07,2014-01-07,3.53,93000,98098,134
中证500,000905,3yr,2017-01-07,2020-01-07,1.94,130000,133746,137
中证500,000905,3yr,2022-01-07,2025-01-07,1.65,63000,28591,94
中证500,000905,3yr,2014-04-07,2017-04-07,0.0,500,265,16
中证500,000905,3yr,2017-04-07,2020-04-07,-0.95,131000,128878,141
中证500,000905,3yr,2021-10-07,2024-10-07,-1.58,65500,63893,99
中证500,000905,3yr,2010-04-07,2013-04-07,-2.56,84500,82354,115
中证500,000905,3yr,2010-07-07,2013-07-07,-2.72,87000,84298,117
中证500,000905,3yr,2020-07-07,2023-07-07,-3.02,42000,40556,63
中证500,000905,3yr,2020-01-07,2023-01-07,-3.58,42750,40993,70
中证500,000905,3yr,2016-10-07,2019-10-07,-4.46,125250,118324,125
中证500,000905,3yr,2016-07-07,2019-07-07,-5.31,118500,111757,112
中证500,000905,3yr,2019-10-07,2022-10-07,-5.92,41500,35727,72
中证500,000905,3yr,2020-10-07,2023-10-07,-6.0,42750,39343,66
中证500,000905,3yr,2015-04-07,2018-04-07,-6.39,46250,45243,49
中证500,000905,3yr,2021-04-07,2024-04-07,-6.45,53250,48145,87
中证500,000905,3yr,2021-01-07,2024-01-07,-8.64,45250,39434,75
中证500,000905,3yr,2010-01-07,2013-01-07,-9.65,81750,75564,104
中证500,000905,3yr,2021-07-07,2024-07-07,-11.37,56000,45815,96
中证500,000905,3yr,2015-10-07,2018-10-07,-30.11,83750,69045,74
中证500,000905,3yr,2016-01-07,2019-01-07,-31.18,104750,81827,88
中证500,000905,3yr,2015-07-07,2018-07-07,-36.46,65750,54022,62
中证500,000905,5yr,2013-04-07,2018-04-07,65.24,26750,23384,103
中证500,000905,5yr,2013-01-07,2018-01-07,64.6,26500,27510,102
中证500,000905,5yr,2012-10-07,2017-10-07,60.47,37000,47245,106
中证500,000905,5yr,2012-07-07,2017-07-07,56.76,47500,61316,118
中证500,000905,5yr,2013-07-07,2018-07-07,56.41,36750,17300,104
中证500,000905,5yr,2011-01-07,2016-01-07,55.51,66500,82572,131
中证500,000905,5yr,2011-04-07,2016-04-07,54.16,66500,82043,133
中证500,000905,5yr,2010-10-07,2015-10-07,54.13,66500,79705,127
中证500,000905,5yr,2012-04-07,2017-04-07,54.12,55000,69540,131
中证500,000905,5yr,2010-07-07,2015-07-07,54.06,66500,80951,126
中证500,000905,5yr,2013-10-07,2018-10-07,53.99,50500,33917,103
中证500,000905,5yr,2011-07-07,2016-07-07,53.06,66500,82286,136
中证500,000905,5yr,2011-10-07,2016-10-07,51.97,66500,82663,138
中证500,000905,5yr,2012-01-07,2017-01-07,50.83,66500,83111,142
中证500,000905,5yr,2014-04-07,2019-04-07,48.98,73000,85070,103
中证500,000905,5yr,2010-04-07,2015-04-07,38.57,66500,119622,122
中证500,000905,5yr,2010-01-07,2015-01-07,24.81,66500,105853,121
中证500,000905,5yr,2015-07-07,2020-07-07,18.51,109750,141456,129
中证500,000905,5yr,2016-01-07,2021-01-07,14.97,111000,146210,134
中证500,000905,5yr,2015-10-07,2020-10-07,14.57,109750,138720,129
中证500,000905,5yr,2016-10-07,2021-10-07,13.88,122000,169144,170
中证500,000905,5yr,2017-01-07,2022-01-07,13.57,127250,179253,181
中证500,000905,5yr,2016-07-07,2021-07-07,12.77,117000,155491,158
中证500,000905,5yr,2016-04-07,2021-04-07,11.86,113750,145076,145
中证500,000905,5yr,2021-07-07,2026-07-07,11.6,71500,12503,127
中证500,000905,5yr,2015-01-07,2020-01-07,10.15,105750,116780,114
中证500,000905,5yr,2021-04-07,2026-04-07,8.74,74750,11633,137
中证500,000905,5yr,2017-07-07,2022-07-07,7.46,146000,178766,204
中证500,000905,5yr,2017-04-07,2022-04-07,7.36,133500,162775,191
中证500,000905,5yr,2018-04-07,2023-04-07,6.25,150500,183765,201
中证500,000905,5yr,2021-01-07,2026-01-07,6.12,77250,13287,145
中证500,000905,5yr,2020-10-07,2025-10-07,6.01,78500,26998,147
中证500,000905,5yr,2018-01-07,2023-01-07,4.33,154000,175396,214
中证500,000905,5yr,2015-04-07,2020-04-07,4.3,109000,114820,126
中证500,000905,5yr,2018-07-07,2023-07-07,4.11,136500,156243,188
中证500,000905,5yr,2017-10-07,2022-10-07,3.14,152000,166268,216
中证500,000905,5yr,2014-07-07,2019-07-07,2.97,82500,84246,86
中证500,000905,5yr,2020-07-07,2025-07-07,2.76,78500,33767,145
中证500,000905,5yr,2018-10-07,2023-10-07,2.34,118500,127967,176
中证500,000905,5yr,2014-10-07,2019-10-07,2.13,94500,96206,99
中证500,000905,5yr,2020-04-07,2025-04-07,1.0,79250,49810,146
中证500,000905,5yr,2020-01-07,2025-01-07,0.61,82000,50568,156
中证500,000905,5yr,2019-01-07,2024-01-07,-0.82,100750,98129,170
中证500,000905,5yr,2019-10-07,2024-10-07,-0.94,92500,90567,166
中证500,000905,5yr,2019-04-07,2024-04-07,-1.37,97250,93495,170
中证500,000905,5yr,2019-07-07,2024-07-07,-5.69,90000,77010,167
中证500,000905,5yr,2014-01-07,2019-01-07,-16.81,65750,50559,104
中证500,000905,10yr,2010-07-07,2020-07-07,20.56,122000,156949,135
中证500,000905,10yr,2011-01-07,2021-01-07,16.16,124750,163616,146
中证500,000905,10yr,2010-10-07,2020-10-07,15.92,122000,153913,135
中证500,000905,10yr,2011-10-07,2021-10-07,14.62,146000,198326,183
中证500,000905,10yr,2012-01-07,2022-01-07,14.19,156000,214051,197
中证500,000905,10yr,2011-07-07,2021-07-07,13.53,134500,177036,171
中证500,000905,10yr,2011-04-07,2021-04-07,12.63,127750,162252,158
中证500,000905,10yr,2010-01-07,2020-01-07,11.44,109750,121544,115
中证500,000905,10yr,2016-07-07,2026-07-07,9.05,251500,140107,350
中证500,000905,10yr,2016-01-07,2026-01-07,7.6,251500,364852,345
中证500,000905,10yr,2016-04-07,2026-04-07,7.53,251500,180209,348
中证500,000905,10yr,2012-07-07,2022-07-07,7.28,184000,218885,222
中证500,000905,10yr,2012-04-07,2022-04-07,7.16,167000,197695,209
中证500,000905,10yr,2015-10-07,2025-10-07,6.7,251500,343145,345
中证500,000905,10yr,2013-04-07,2023-04-07,5.66,206500,242645,259
中证500,000905,10yr,2010-04-07,2020-04-07,4.79,118750,125037,127
中证500,000905,10yr,2013-01-07,2023-01-07,3.64,203500,224111,247
中证500,000905,10yr,2013-07-07,2023-07-07,2.87,209750,229005,272
中证500,000905,10yr,2012-10-07,2022-10-07,2.37,196000,207852,234
中证500,000905,10yr,2015-07-07,2025-07-07,1.99,251500,274673,345
中证500,000905,10yr,2013-10-07,2023-10-07,1.16,212750,220935,284
中证500,000905,10yr,2015-04-07,2025-04-07,0.53,250750,256366,342
中证500,000905,10yr,2014-10-07,2024-10-07,0.24,248750,250963,334
中证500,000905,10yr,2015-01-07,2025-01-07,0.13,249500,250744,337
中证500,000905,10yr,2014-04-07,2024-04-07,-0.44,229250,225720,309
中证500,000905,10yr,2014-01-07,2024-01-07,-0.7,217750,212596,297
中证500,000905,10yr,2014-07-07,2024-07-07,-3.31,235250,208362,322
