he,ex,dt,heavy_ratio,extreme_ratio,000300_xirr,000300_return,000300_trades,000300_buys,000300_sells,000905_xirr,000905_return,000905_trades,000905_buys,000905_sells,000852_xirr,000852_return,000852_trades,000852_buys,000852_sells,000016_xirr,000016_return,000016_trades,000016_buys,000016_sells,399006_xirr,399006_return,399006_trades,399006_buys,399006_sells,399330_xirr,399330_return,399330_trades,399330_buys,399330_sells,avg_xirr,n_indices
0.8,0.85,0.05,0.35,0.5,0.1188,0.243064,326,314,12,0.1188,0.238366,300,285,15,0.182,0.396633,257,240,17,0.1575,0.214951,305,285,20,0.2583,0.772827,266,249,17,0.1926,0.371633,290,272,18,0.171333,6
0.8,0.85,0.04,0.35,0.5,0.119,0.242925,328,314,14,0.1194,0.239932,300,285,15,0.1824,0.396849,257,240,17,0.1563,0.201156,307,284,23,0.2596,0.773719,267,249,18,0.1907,0.367708,292,272,20,0.171233,6
0.8,0.95,0.03,0.35,0.5,0.1181,0.239785,331,314,17,0.126,0.24637,303,285,18,0.188,0.406399,265,240,25,0.1586,0.199416,311,284,27,0.2298,0.70662,276,249,27,0.1973,0.328965,307,271,36,0.169633,6
0.8,0.95,0.04,0.35,0.5,0.1181,0.239785,331,314,17,0.1258,0.245963,303,285,18,0.188,0.406399,265,240,25,0.1574,0.19879,310,284,26,0.2298,0.70662,276,249,27,0.1975,0.329507,305,271,34,0.169433,6
0.8,0.95,0.05,0.35,0.5,0.1181,0.239785,331,314,17,0.1254,0.244845,303,285,18,0.188,0.406399,265,240,25,0.1574,0.19879,310,284,26,0.2296,0.706396,276,249,27,0.1979,0.330047,304,271,33,0.1694,6
0.8,0.9,0.04,0.35,0.5,0.1219,0.245585,330,314,16,0.1207,0.244051,300,285,15,0.1855,0.403655,262,240,22,0.1576,0.199793,310,284,26,0.2307,0.708686,273,249,24,0.1984,0.329988,299,271,28,0.169133,6
0.8,0.9,0.05,0.35,0.5,0.1219,0.245585,330,314,16,0.1199,0.242014,300,285,15,0.1855,0.403619,262,240,22,0.1575,0.199813,310,284,26,0.2304,0.708339,273,249,24,0.1986,0.330799,297,271,26,0.168967,6
0.8,0.85,0.04,0.25,0.35,0.1179,0.251901,328,314,14,0.1151,0.271523,300,285,15,0.1713,0.392931,257,240,17,0.1459,0.210363,307,284,23,0.2622,0.774486,267,249,18,0.201,0.394308,292,272,20,0.1689,6
0.8,0.9,0.03,0.35,0.5,0.1208,0.243012,330,314,16,0.1184,0.235833,301,285,16,0.1856,0.403677,263,240,23,0.1589,0.200574,311,284,27,0.2287,0.704665,274,249,25,0.1981,0.329217,302,271,31,0.168417,6
0.8,0.85,0.04,0.25,0.5,0.1189,0.249134,328,314,14,0.1133,0.260019,300,285,15,0.1768,0.391272,257,240,17,0.1487,0.207363,307,284,23,0.259,0.756399,267,249,18,0.193,0.371704,292,272,20,0.168283,6
0.8,0.85,0.03,0.35,0.5,0.1187,0.241117,328,314,14,0.1197,0.240503,300,285,15,0.1849,0.401989,259,240,19,0.1547,0.196619,310,284,26,0.2485,0.751386,269,249,20,0.1827,0.35466,296,272,24,0.1682,6
0.8,0.85,0.05,0.25,0.5,0.1179,0.249146,326,314,12,0.1126,0.257833,300,285,15,0.1759,0.391089,257,240,17,0.1488,0.224264,305,285,20,0.2575,0.7554,266,249,17,0.1951,0.376212,290,272,18,0.167967,6
0.8,0.85,0.05,0.25,0.35,0.116,0.251679,326,314,12,0.114,0.268162,300,285,15,0.1705,0.392574,257,240,17,0.1416,0.219149,305,285,20,0.2608,0.775317,266,249,17,0.202,0.400485,290,272,18,0.167483,6
0.75,0.85,0.04,0.35,0.5,0.1172,0.234513,328,312,16,0.1142,0.224202,301,285,16,0.1815,0.370648,258,236,22,0.1626,0.185701,303,278,25,0.227,0.666212,269,249,20,0.1974,0.336917,291,267,24,0.16665,6
0.8,0.85,0.03,0.25,0.35,0.118,0.250195,328,314,14,0.1156,0.272861,300,285,15,0.1758,0.401554,259,240,19,0.1481,0.207393,310,284,26,0.2515,0.7498,269,249,20,0.1902,0.372407,296,272,24,0.166533,6
0.75,0.9,0.04,0.35,0.5,0.1193,0.236435,330,312,18,0.1155,0.228274,301,285,16,0.1851,0.378138,263,236,27,0.166,0.186258,306,278,28,0.2144,0.638736,275,249,26,0.1988,0.324279,297,267,30,0.166517,6
0.75,0.85,0.03,0.35,0.5,0.1169,0.233245,329,312,17,0.1145,0.224767,301,285,16,0.1839,0.37573,260,236,24,0.1635,0.184874,306,278,28,0.2223,0.656777,271,249,22,0.1972,0.336201,294,267,27,0.166383,6
0.8,0.95,0.03,0.25,0.5,0.1182,0.249107,331,314,17,0.1206,0.276522,303,285,18,0.1803,0.404323,265,240,25,0.1536,0.211617,311,284,27,0.2292,0.691783,276,249,27,0.1962,0.339649,307,271,36,0.16635,6
0.75,0.85,0.05,0.35,0.5,0.1173,0.234741,327,312,15,0.1136,0.22265,301,285,16,0.1812,0.370477,258,236,22,0.1616,0.19567,301,279,22,0.2265,0.665835,268,249,19,0.1978,0.337641,289,267,22,0.166333,6
0.75,0.9,0.05,0.35,0.5,0.1193,0.236435,330,312,18,0.1147,0.226257,301,285,16,0.185,0.378114,263,236,27,0.1659,0.186275,306,278,28,0.2143,0.63859,275,249,26,0.1988,0.324721,295,267,28,0.166333,6
0.8,0.95,0.03,0.25,0.35,0.1182,0.249107,331,314,17,0.1195,0.274509,303,285,18,0.1803,0.404323,265,240,25,0.1517,0.210494,311,284,27,0.2305,0.696004,276,249,27,0.1978,0.343123,307,271,36,0.166333,6
0.8,0.85,0.04,0.2,0.35,0.1167,0.255489,328,314,14,0.1103,0.286004,300,285,15,0.1656,0.386902,257,240,17,0.1399,0.212825,307,284,23,0.2617,0.76591,267,249,18,0.2026,0.397969,292,272,20,0.166133,6
0.75,0.95,0.03,0.35,0.5,0.1165,0.232254,331,312,19,0.1152,0.223139,304,285,19,0.1858,0.379008,266,236,30,0.167,0.185939,307,278,29,0.214,0.637864,278,249,29,0.1982,0.323589,305,267,38,0.166117,6
0.75,0.9,0.03,0.35,0.5,0.1185,0.234581,330,312,18,0.1132,0.220131,302,285,17,0.1851,0.378158,264,236,28,0.1673,0.18692,307,278,29,0.2135,0.637038,276,249,27,0.1987,0.323848,300,267,33,0.16605,6
0.8,0.85,0.04,0.2,0.5,0.1186,0.252562,328,314,14,0.1083,0.27239,300,285,15,0.1721,0.384454,257,240,17,0.1439,0.209998,307,284,23,0.2584,0.746418,267,249,18,0.1942,0.373701,292,272,20,0.165917,6
0.75,0.95,0.04,0.35,0.5,0.1165,0.232254,331,312,19,0.115,0.222735,304,285,19,0.1858,0.379008,266,236,30,0.1658,0.185408,306,278,28,0.214,0.637864,278,249,29,0.1983,0.323891,303,267,36,0.1659,6
0.75,0.95,0.05,0.35,0.5,0.1165,0.232254,331,312,19,0.1146,0.221627,304,285,19,0.1858,0.379008,266,236,30,0.1658,0.185408,306,278,28,0.2139,0.637769,278,249,29,0.1986,0.324194,302,267,35,0.165867,6
0.8,0.95,0.04,0.25,0.35,0.1182,0.249107,331,314,17,0.1191,0.273507,303,285,18,0.1803,0.404323,265,240,25,0.1486,0.208532,310,284,26,0.2305,0.696004,276,249,27,0.1985,0.345163,305,271,34,0.165867,6
0.8,0.95,0.05,0.25,0.35,0.1182,0.249107,331,314,17,0.1183,0.27099,303,285,18,0.1803,0.404323,265,240,25,0.1486,0.208532,310,284,26,0.2301,0.695474,276,249,27,0.1994,0.346822,304,271,33,0.165817,6
0.8,0.95,0.04,0.25,0.5,0.1182,0.249107,331,314,17,0.1202,0.275514,303,285,18,0.1803,0.404323,265,240,25,0.1502,0.209594,310,284,26,0.2292,0.691783,276,249,27,0.1967,0.341132,305,271,34,0.1658,6
0.8,0.9,0.04,0.25,0.5,0.1217,0.254725,330,314,16,0.1162,0.271014,300,285,15,0.1797,0.400367,262,240,22,0.1507,0.210283,310,284,26,0.2299,0.693434,273,249,24,0.1965,0.339318,299,271,28,0.165783,6
0.8,0.95,0.05,0.25,0.5,0.1182,0.249107,331,314,17,0.1193,0.272748,303,285,18,0.1803,0.404323,265,240,25,0.1502,0.209594,310,284,26,0.2288,0.691255,276,249,27,0.1976,0.342644,304,271,33,0.165733,6
0.8,0.9,0.04,0.25,0.35,0.1208,0.254059,330,314,16,0.1163,0.276471,300,285,15,0.1766,0.400713,262,240,22,0.1486,0.208897,310,284,26,0.2322,0.700675,273,249,24,0.1997,0.347004,299,271,28,0.1657,6
0.8,0.9,0.05,0.25,0.5,0.1217,0.254725,330,314,16,0.1151,0.267735,300,285,15,0.1794,0.400314,262,240,22,0.1502,0.210139,310,284,26,0.2293,0.692719,273,249,24,0.1968,0.340893,297,271,26,0.165417,6
0.8,0.9,0.05,0.25,0.35,0.1208,0.254059,330,314,16,0.115,0.272593,300,285,15,0.1763,0.4006,262,240,22,0.1483,0.208883,310,284,26,0.2317,0.699923,273,249,24,0.2001,0.349174,297,271,26,0.165367,6
0.8,0.85,0.05,0.2,0.5,0.117,0.252405,326,314,12,0.1074,0.269804,300,285,15,0.1708,0.384302,257,240,17,0.1431,0.228663,305,285,20,0.2568,0.74537,266,249,17,0.1963,0.37849,290,272,18,0.165233,6
0.8,0.85,0.03,0.25,0.5,0.1182,0.245514,328,314,14,0.1136,0.260815,300,285,15,0.1819,0.403367,259,240,19,0.1475,0.200854,310,284,26,0.2461,0.73061,269,249,20,0.1839,0.356642,296,272,24,0.1652,6
0.8,0.9,0.03,0.25,0.35,0.12,0.251549,330,314,16,0.1141,0.26593,301,285,16,0.1771,0.400758,263,240,23,0.1518,0.211082,311,284,27,0.2287,0.69274,274,249,25,0.1992,0.344434,302,271,31,0.16515,6
0.8,0.9,0.03,0.25,0.5,0.1207,0.250015,330,314,16,0.113,0.257783,301,285,16,0.18,0.4004,263,240,23,0.154,0.212461,311,284,27,0.2258,0.685158,274,249,25,0.196,0.337838,302,271,31,0.164917,6
0.8,0.85,0.03,0.2,0.35,0.1171,0.252782,328,314,14,0.1108,0.287588,300,285,15,0.1719,0.399644,259,240,19,0.1436,0.209372,310,284,26,0.2504,0.739486,269,249,20,0.1914,0.374656,296,272,24,0.1642,6
0.8,0.85,0.04,0.2,0.25,0.1143,0.256879,328,314,14,0.1109,0.294776,300,285,15,0.1593,0.389643,257,240,17,0.1344,0.212853,307,284,23,0.261,0.784705,267,249,18,0.2053,0.419007,292,272,20,0.1642,6
0.8,0.85,0.05,0.2,0.35,0.1139,0.254978,326,314,12,0.1091,0.282027,300,285,15,0.1643,0.386571,257,240,17,0.1336,0.221869,305,285,20,0.2602,0.766892,266,249,17,0.2032,0.404457,290,272,18,0.16405,6
0.75,0.85,0.03,0.25,0.35,0.1171,0.243021,329,312,17,0.1142,0.260606,301,285,16,0.1753,0.375205,260,236,24,0.1535,0.196967,306,278,28,0.2277,0.6666,271,249,22,0.1964,0.349248,294,267,27,0.164033,6
0.8,0.85,0.03,0.2,0.25,0.1148,0.256026,328,314,14,0.1115,0.296612,300,285,15,0.1647,0.398953,259,240,19,0.1407,0.213209,310,284,26,0.2533,0.760703,269,249,20,0.1978,0.394093,296,272,24,0.1638,6
0.8,0.95,0.03,0.2,0.5,0.1165,0.254431,331,314,17,0.1169,0.299376,303,285,18,0.1726,0.399963,265,240,25,0.1501,0.218785,311,284,27,0.23,0.686851,276,249,27,0.1965,0.347385,307,271,36,0.163767,6
0.8,0.95,0.03,0.2,0.35,0.1165,0.254431,331,314,17,0.1153,0.296334,303,285,18,0.1726,0.399963,265,240,25,0.1467,0.216737,311,284,27,0.2319,0.693485,276,249,27,0.1991,0.35287,307,271,36,0.163683,6
0.75,0.85,0.04,0.25,0.35,0.1169,0.244222,328,312,16,0.1137,0.25929,301,285,16,0.1714,0.366696,258,236,22,0.1492,0.196241,303,278,25,0.2339,0.68047,269,249,20,0.1969,0.351727,291,267,24,0.163667,6
0.75,0.85,0.04,0.25,0.5,0.1175,0.242019,328,312,16,0.1119,0.247979,301,285,16,0.1738,0.366369,258,236,22,0.1524,0.194001,303,278,25,0.2317,0.670322,269,249,20,0.1943,0.344149,291,267,24,0.1636,6
0.75,0.95,0.03,0.25,0.5,0.117,0.241992,331,312,19,0.1159,0.258923,304,285,19,0.178,0.377639,266,236,30,0.1586,0.199108,307,278,29,0.2145,0.633977,278,249,29,0.1964,0.33389,305,267,38,0.1634,6
0.8,0.95,0.03,0.2,0.25,0.1165,0.254431,331,314,17,0.1138,0.292982,303,285,18,0.1726,0.399963,265,240,25,0.1439,0.214927,311,284,27,0.2328,0.698801,276,249,27,0.2008,0.35757,307,271,36,0.1634,6
0.75,0.85,0.03,0.25,0.5,0.1169,0.239178,329,312,17,0.1122,0.248762,301,285,16,0.1789,0.37838,260,236,24,0.1538,0.19267,306,278,28,0.2244,0.655817,271,249,22,0.1938,0.342733,294,267,27,0.163333,6
0.75,0.9,0.04,0.25,0.5,0.1199,0.246468,330,312,18,0.1149,0.258776,301,285,16,0.1777,0.375944,263,236,27,0.1557,0.197933,306,278,28,0.2149,0.634905,275,249,26,0.1968,0.333909,297,267,30,0.163317,6
0.8,0.9,0.04,0.2,0.5,0.1207,0.260315,330,314,16,0.1122,0.288445,300,285,15,0.1746,0.394669,262,240,22,0.1458,0.2161,310,284,26,0.2301,0.687289,273,249,24,0.1959,0.3453,299,271,28,0.163217,6
0.75,0.85,0.05,0.25,0.5,0.1172,0.242247,327,312,15,0.1111,0.245831,301,285,16,0.1733,0.366205,258,236,22,0.1511,0.207536,301,279,22,0.231,0.669759,268,249,19,0.1951,0.345602,289,267,22,0.163133,6
0.75,0.95,0.03,0.25,0.35,0.117,0.241992,331,312,19,0.1147,0.256944,304,285,19,0.178,0.377639,266,236,30,0.1568,0.198119,307,278,29,0.2153,0.636348,278,249,29,0.1967,0.334685,305,267,38,0.163083,6
0.75,0.9,0.04,0.25,0.35,0.1192,0.245935,330,312,18,0.1149,0.264142,301,285,16,0.1763,0.376004,263,236,27,0.1536,0.196712,306,278,28,0.2163,0.638971,275,249,26,0.198,0.337288,297,267,30,0.16305,6
0.8,0.85,0.03,0.2,0.5,0.1179,0.247802,328,314,14,0.1086,0.273332,300,285,15,0.1795,0.402352,259,240,19,0.1429,0.202164,310,284,26,0.2446,0.718898,269,249,20,0.1845,0.357634,296,272,24,0.163,6
0.75,0.9,0.05,0.25,0.5,0.1199,0.246468,330,312,18,0.1137,0.255553,301,285,16,0.1776,0.375902,263,236,27,0.1552,0.197806,306,278,28,0.2146,0.634503,275,249,26,0.1969,0.335217,295,267,28,0.162983,6
0.8,0.9,0.04,0.2,0.35,0.119,0.259211,330,314,16,0.1124,0.295505,300,285,15,0.1705,0.395654,262,240,22,0.1421,0.213676,310,284,26,0.2334,0.697572,273,249,24,0.2,0.355752,299,271,28,0.1629,6
0.8,0.95,0.04,0.2,0.35,0.1165,0.254431,331,314,17,0.1148,0.294799,303,285,18,0.1726,0.399963,265,240,25,0.1415,0.213304,310,284,26,0.2319,0.693485,276,249,27,0.2,0.356094,305,271,34,0.162883,6
0.75,0.95,0.04,0.25,0.5,0.117,0.241992,331,312,19,0.1155,0.257932,304,285,19,0.178,0.377639,266,236,30,0.1552,0.197326,306,278,28,0.2145,0.633977,278,249,29,0.1968,0.335142,303,267,36,0.162833,6
0.8,0.85,0.04,0.15,0.5,0.1181,0.256203,328,314,14,0.102,0.287025,300,285,15,0.1657,0.373692,257,240,17,0.1382,0.212008,307,284,23,0.2577,0.735557,267,249,18,0.1953,0.375697,292,272,20,0.162833,6
0.8,0.95,0.04,0.2,0.5,0.1165,0.254431,331,314,17,0.1164,0.297833,303,285,18,0.1726,0.399963,265,240,25,0.1443,0.215216,310,284,26,0.23,0.686851,276,249,27,0.1972,0.349732,305,271,34,0.162833,6
0.75,0.95,0.05,0.25,0.5,0.117,0.241992,331,312,19,0.1145,0.255213,304,285,19,0.178,0.377639,266,236,30,0.1552,0.197326,306,278,28,0.2143,0.633679,278,249,29,0.1977,0.336418,302,267,35,0.162783,6
0.8,0.95,0.05,0.2,0.35,0.1165,0.254431,331,314,17,0.1136,0.290943,303,285,18,0.1726,0.399963,265,240,25,0.1415,0.213304,310,284,26,0.2313,0.692704,276,249,27,0.2012,0.358724,304,271,33,0.162783,6
0.8,0.95,0.05,0.2,0.5,0.1165,0.254431,331,314,17,0.1151,0.293595,303,285,18,0.1726,0.399963,265,240,25,0.1443,0.215216,310,284,26,0.2294,0.686072,276,249,27,0.1986,0.352142,304,271,33,0.16275,6
0.75,0.9,0.03,0.25,0.35,0.1185,0.243937,330,312,18,0.1127,0.253778,302,285,17,0.1765,0.376051,264,236,28,0.1568,0.198637,307,278,29,0.2143,0.634511,276,249,27,0.1976,0.335618,300,267,33,0.162733,6
0.75,0.9,0.03,0.25,0.5,0.119,0.242719,330,312,18,0.1115,0.245768,302,285,17,0.1778,0.375975,264,236,28,0.1591,0.199852,307,278,29,0.2126,0.63025,276,249,27,0.1964,0.332659,300,267,33,0.162733,6
0.75,0.9,0.05,0.25,0.35,0.1192,0.245935,330,312,18,0.1136,0.260329,301,285,16,0.1762,0.375938,263,236,27,0.1534,0.196699,306,278,28,0.216,0.638549,275,249,26,0.198,0.338679,295,267,28,0.162733,6
0.8,0.95,0.04,0.2,0.25,0.1165,0.254431,331,314,17,0.1133,0.291645,303,285,18,0.1726,0.399963,265,240,25,0.1397,0.212029,310,284,26,0.2328,0.698801,276,249,27,0.2013,0.360844,305,271,34,0.1627,6
0.8,0.9,0.05,0.2,0.5,0.1207,0.260315,330,314,16,0.1109,0.284307,300,285,15,0.174,0.394617,262,240,22,0.1446,0.215655,310,284,26,0.2294,0.686298,273,249,24,0.1962,0.347449,297,271,26,0.162633,6
0.75,0.95,0.04,0.25,0.35,0.117,0.241992,331,312,19,0.1143,0.255959,304,285,19,0.178,0.377639,266,236,30,0.1537,0.196391,306,278,28,0.2153,0.636348,278,249,29,0.1972,0.33601,303,267,36,0.162583,6
0.8,0.9,0.03,0.2,0.35,0.1187,0.255703,330,314,16,0.1098,0.282199,301,285,16,0.1715,0.395705,263,240,23,0.1473,0.217269,311,284,27,0.2286,0.686488,274,249,25,0.1996,0.352308,302,271,31,0.162583,6
0.8,0.95,0.05,0.2,0.25,0.1165,0.254431,331,314,17,0.1124,0.288467,303,285,18,0.1726,0.399963,265,240,25,0.1397,0.212029,310,284,26,0.2322,0.698116,276,249,27,0.2021,0.363162,304,271,33,0.162583,6
0.75,0.95,0.05,0.25,0.35,0.117,0.241992,331,312,19,0.1135,0.253484,304,285,19,0.178,0.377639,266,236,30,0.1537,0.196391,306,278,28,0.2151,0.636049,278,249,29,0.1978,0.337088,302,267,35,0.162517,6
0.8,0.85,0.04,0.15,0.35,0.1148,0.259165,328,314,14,0.1043,0.303245,300,285,15,0.1581,0.37703,257,240,17,0.1324,0.214448,307,284,23,0.2611,0.756488,267,249,18,0.204,0.401599,292,272,20,0.16245,6
0.75,0.85,0.05,0.25,0.35,0.1163,0.244466,327,312,15,0.1126,0.255985,301,285,16,0.171,0.366479,258,236,22,0.1441,0.203033,301,279,22,0.2333,0.680922,268,249,19,0.1973,0.35373,289,267,22,0.162433,6
0.8,0.9,0.03,0.2,0.5,0.1201,0.253943,330,314,16,0.1084,0.271744,301,285,16,0.1751,0.394709,263,240,23,0.1511,0.21964,311,284,27,0.2246,0.675821,274,249,25,0.1953,0.343305,302,271,31,0.162433,6
0.8,0.9,0.05,0.2,0.35,0.119,0.259211,330,314,16,0.1109,0.29061,300,285,15,0.1699,0.395525,262,240,22,0.1414,0.21346,310,284,26,0.2326,0.696516,273,249,24,0.2004,0.358693,297,271,26,0.162367,6
0.8,0.9,0.03,0.2,0.25,0.1174,0.256645,330,314,16,0.11,0.288302,301,285,16,0.1684,0.396616,263,240,23,0.1438,0.215055,311,284,27,0.2312,0.696532,274,249,25,0.2024,0.3609,302,271,31,0.1622,6
0.75,0.85,0.03,0.2,0.35,0.1167,0.246782,329,312,17,0.1109,0.277014,301,285,16,0.1711,0.375048,260,236,24,0.1478,0.20156,306,278,28,0.2299,0.669161,271,249,22,0.1966,0.356165,294,267,27,0.162167,6
0.8,0.9,0.04,0.2,0.25,0.1179,0.258474,330,314,16,0.1115,0.297747,300,285,15,0.1673,0.396567,262,240,22,0.1394,0.211925,310,284,26,0.2349,0.706397,273,249,24,0.2015,0.364712,299,271,28,0.162083,6
0.8,0.85,0.05,0.15,0.5,0.1154,0.255763,326,314,12,0.1011,0.283943,300,285,15,0.1639,0.373558,257,240,17,0.1361,0.232505,305,285,20,0.256,0.734462,266,249,17,0.1974,0.380757,290,272,18,0.16165,6
0.75,0.85,0.03,0.2,0.25,0.1155,0.249728,329,312,17,0.1116,0.285855,301,285,16,0.1668,0.372439,260,236,24,0.1443,0.203213,306,278,28,0.2322,0.68266,271,249,22,0.1991,0.364742,294,267,27,0.161583,6
0.75,0.95,0.03,0.2,0.5,0.116,0.247976,331,312,19,0.1146,0.28435,304,285,19,0.1714,0.374528,266,236,30,0.1537,0.207282,307,278,29,0.2164,0.635487,278,249,29,0.1974,0.343231,305,267,38,0.161583,6
0.8,0.9,0.05,0.2,0.25,0.1179,0.258474,330,314,16,0.1101,0.293092,300,285,15,0.1669,0.396351,262,240,22,0.1392,0.211954,310,284,26,0.2341,0.705388,273,249,24,0.2012,0.367576,297,271,26,0.161567,6
0.75,0.85,0.04,0.2,0.5,0.1175,0.246416,328,312,16,0.1083,0.262124,301,285,16,0.1687,0.361671,258,236,22,0.1464,0.198216,303,278,25,0.2349,0.673611,269,249,20,0.1935,0.34919,291,267,24,0.16155,6
0.75,0.85,0.04,0.2,0.35,0.1162,0.24887,328,312,16,0.1104,0.275462,301,285,16,0.1654,0.362442,258,236,22,0.1422,0.200424,303,278,25,0.2375,0.686053,269,249,20,0.1972,0.359523,291,267,24,0.161483,6
0.75,0.85,0.03,0.2,0.5,0.1169,0.242477,329,312,17,0.1086,0.263047,301,285,16,0.176,0.379477,260,236,24,0.1483,0.196583,306,278,28,0.226,0.655999,271,249,22,0.1929,0.347261,294,267,27,0.16145,6
0.8,0.85,0.03,0.15,0.35,0.1159,0.255373,328,314,14,0.1049,0.305131,300,285,15,0.1668,0.395527,259,240,19,0.138,0.210501,310,284,26,0.2491,0.728311,269,249,20,0.1926,0.376905,296,272,24,0.161217,6
0.8,0.85,0.05,0.2,0.25,0.1109,0.256153,326,314,12,0.1096,0.290411,300,285,15,0.1584,0.389111,257,240,17,0.126,0.216402,305,285,20,0.2591,0.787547,266,249,17,0.2031,0.425168,290,272,18,0.161183,6
0.75,0.9,0.04,0.2,0.5,0.1196,0.252893,330,312,18,0.1123,0.27784,301,285,16,0.1723,0.372005,263,236,27,0.1494,0.204862,306,278,28,0.2165,0.635768,275,249,26,0.1969,0.341636,297,267,30,0.161167,6
0.75,0.95,0.03,0.2,0.35,0.116,0.247976,331,312,19,0.113,0.28137,304,285,19,0.1714,0.374528,266,236,30,0.1504,0.205437,307,278,29,0.2177,0.639722,278,249,29,0.1978,0.344734,305,267,38,0.16105,6
0.75,0.85,0.05,0.2,0.5,0.1169,0.246551,327,312,15,0.1075,0.25959,301,285,16,0.1679,0.361513,258,236,22,0.1447,0.21389,301,279,22,0.234,0.672938,268,249,19,0.1945,0.351175,289,267,22,0.160917,6
0.75,0.9,0.04,0.2,0.35,0.1182,0.251971,330,312,18,0.1125,0.284757,301,285,16,0.1703,0.372328,263,236,27,0.1458,0.202679,306,278,28,0.2186,0.642334,275,249,26,0.1986,0.347127,297,267,30,0.160667,6
0.75,0.9,0.05,0.2,0.5,0.1196,0.252893,330,312,18,0.111,0.273786,301,285,16,0.172,0.371952,263,236,27,0.1482,0.204461,306,278,28,0.216,0.635134,275,249,26,0.1971,0.343804,295,267,28,0.16065,6
0.75,0.95,0.04,0.2,0.5,0.116,0.247976,331,312,19,0.114,0.282838,304,285,19,0.1714,0.374528,266,236,30,0.1479,0.204067,306,278,28,0.2164,0.635487,278,249,29,0.1981,0.345626,303,267,36,0.160633,6
0.75,0.95,0.05,0.2,0.5,0.116,0.247976,331,312,19,0.1127,0.278686,304,285,19,0.1714,0.374528,266,236,30,0.1479,0.204067,306,278,28,0.216,0.634989,278,249,29,0.1996,0.348085,302,267,35,0.1606,6
0.75,0.9,0.03,0.2,0.5,0.1189,0.247568,330,312,18,0.1084,0.261478,302,285,17,0.1726,0.372048,264,236,28,0.1546,0.208052,307,278,29,0.2128,0.628429,276,249,27,0.1962,0.339601,300,267,33,0.160583,6
0.75,0.9,0.03,0.2,0.35,0.1178,0.24904,330,312,18,0.1099,0.271721,302,285,17,0.1707,0.372392,264,236,28,0.1508,0.205915,307,278,29,0.2155,0.635246,276,249,27,0.1982,0.344424,300,267,33,0.160483,6
0.75,0.95,0.03,0.2,0.25,0.116,0.247976,331,312,19,0.1114,0.278085,304,285,19,0.1714,0.374528,266,236,30,0.1476,0.203807,307,278,29,0.2183,0.643106,278,249,29,0.198,0.346112,305,267,38,0.16045,6
0.85,0.9,0.04,0.35,0.5,0.1208,0.258845,330,316,14,0.1356,0.322707,298,287,11,0.1839,0.423064,260,243,17,0.1134,0.192496,309,290,19,0.208,0.595929,272,251,21,0.2006,0.332771,298,272,26,0.160383,6
0.8,0.85,0.03,0.15,0.5,0.1175,0.250146,328,314,14,0.1023,0.288147,300,285,15,0.1761,0.399617,259,240,19,0.1374,0.202618,310,284,26,0.243,0.706304,269,249,20,0.1851,0.358627,296,272,24,0.160233,6
0.75,0.95,0.04,0.2,0.35,0.116,0.247976,331,312,19,0.1125,0.279866,304,285,19,0.1714,0.374528,266,236,30,0.1452,0.202345,306,278,28,0.2177,0.639722,278,249,29,0.1985,0.347266,303,267,36,0.160217,6
0.8,0.85,0.03,0.15,0.25,0.1123,0.258522,328,314,14,0.1057,0.315883,300,285,15,0.158,0.394268,259,240,19,0.1341,0.214374,310,284,26,0.2519,0.751316,269,249,20,0.1992,0.397669,296,272,24,0.1602,6
0.75,0.9,0.05,0.2,0.35,0.1182,0.251971,330,312,18,0.111,0.279961,301,285,16,0.1699,0.372236,263,236,27,0.1451,0.202484,306,278,28,0.2181,0.641658,275,249,26,0.1987,0.349415,295,267,28,0.160167,6
0.75,0.95,0.05,0.2,0.35,0.116,0.247976,331,312,19,0.1113,0.276087,304,285,19,0.1714,0.374528,266,236,30,0.1452,0.202345,306,278,28,0.2173,0.639222,278,249,29,0.1995,0.34933,302,267,35,0.160117,6
0.75,0.85,0.04,0.2,0.25,0.1144,0.250041,328,312,16,0.1109,0.284056,301,285,16,0.1623,0.363306,258,236,22,0.1367,0.200225,303,278,25,0.2375,0.697948,269,249,20,0.1985,0.368479,291,267,24,0.16005,6
0.75,0.9,0.03,0.2,0.25,0.1169,0.249829,330,312,18,0.1101,0.2777,302,285,17,0.1691,0.372693,264,236,28,0.1475,0.203922,307,278,29,0.2173,0.641645,276,249,27,0.1991,0.348425,300,267,33,0.16,6
0.75,0.85,0.03,0.15,0.35,0.116,0.250749,329,312,17,0.1058,0.296277,301,285,16,0.1659,0.374096,260,236,24,0.1413,0.206046,306,278,28,0.2327,0.672625,271,249,22,0.1976,0.364796,294,267,27,0.159883,6
0.85,0.9,0.05,0.35,0.5,0.1208,0.258845,330,316,14,0.1325,0.315804,298,287,11,0.1838,0.423008,260,243,17,0.1134,0.19252,309,290,19,0.2076,0.595396,272,251,21,0.201,0.334012,296,272,24,0.15985,6
0.8,0.95,0.03,0.15,0.5,0.1114,0.259528,331,314,17,0.1127,0.330556,303,285,18,0.1601,0.392794,265,240,25,0.1449,0.226446,311,284,27,0.232,0.684566,276,249,27,0.1978,0.357428,307,271,36,0.159817,6
0.75,0.9,0.04,0.2,0.25,0.1173,0.251357,330,312,18,0.1115,0.286954,301,285,16,0.1686,0.372622,263,236,27,0.1431,0.201102,306,278,28,0.2197,0.647946,275,249,26,0.1985,0.351018,297,267,30,0.159783,6
0.75,0.85,0.05,0.2,0.35,0.1151,0.248974,327,312,15,0.1091,0.271565,301,285,16,0.1647,0.362204,258,236,22,0.1355,0.207773,301,279,22,0.2366,0.686662,268,249,19,0.1975,0.362222,289,267,22,0.15975,6
0.75,0.95,0.04,0.2,0.25,0.116,0.247976,331,312,19,0.111,0.276775,304,285,19,0.1714,0.374528,266,236,30,0.1434,0.201197,306,278,28,0.2183,0.643106,278,249,29,0.1984,0.34834,303,267,36,0.15975,6
0.8,0.9,0.04,0.15,0.5,0.1179,0.266455,330,314,16,0.1071,0.309735,300,285,15,0.1673,0.384791,262,240,22,0.1388,0.221966,310,284,26,0.2311,0.682589,273,249,24,0.1956,0.352377,299,271,28,0.159633,6
0.75,0.95,0.05,0.2,0.25,0.116,0.247976,331,312,19,0.11,0.273661,304,285,19,0.1714,0.374528,266,236,30,0.1434,0.201197,306,278,28,0.2179,0.642668,278,249,29,0.199,0.349917,302,267,35,0.159617,6
0.8,0.95,0.03,0.15,0.35,0.1114,0.259528,331,314,17,0.1107,0.326005,303,285,18,0.1601,0.392794,265,240,25,0.1388,0.222714,311,284,27,0.2345,0.694854,276,249,27,0.2014,0.365801,307,271,36,0.159483,6
0.8,0.85,0.04,0.15,0.25,0.1109,0.260281,328,314,14,0.105,0.313695,300,285,15,0.1506,0.380697,257,240,17,0.1247,0.213484,307,284,23,0.2597,0.777102,267,249,18,0.2057,0.423868,292,272,20,0.159433,6
0.8,0.85,0.05,0.15,0.35,0.1106,0.258196,326,314,12,0.103,0.298506,300,285,15,0.156,0.376729,257,240,17,0.1235,0.223483,305,285,20,0.2594,0.757636,266,249,17,0.2039,0.408349,290,272,18,0.1594,6
0.75,0.9,0.05,0.2,0.25,0.1173,0.251357,330,312,18,0.1101,0.282393,301,285,16,0.1684,0.372501,263,236,27,0.1429,0.201128,306,278,28,0.2192,0.6473,275,249,26,0.1982,0.352951,295,267,28,0.15935,6
0.75,0.85,0.03,0.15,0.5,0.1169,0.246004,329,312,17,0.1032,0.279666,301,285,16,0.1728,0.380127,260,236,24,0.1421,0.200328,306,278,28,0.228,0.656742,271,249,22,0.1924,0.352836,294,267,27,0.159233,6
0.85,0.95,0.03,0.35,0.5,0.1164,0.251261,331,316,15,0.1311,0.291348,302,287,15,0.1876,0.427057,264,243,21,0.1139,0.192033,310,290,20,0.2065,0.59276,275,251,24,0.1995,0.331383,306,272,34,0.159167,6
0.8,0.9,0.03,0.15,0.5,0.1185,0.258024,330,314,16,0.1026,0.288594,301,285,16,0.1681,0.384852,263,240,23,0.1471,0.227675,311,284,27,0.2235,0.667,274,249,25,0.1949,0.349731,302,271,31,0.159117,6
0.85,0.9,0.03,0.35,0.5,0.1198,0.255604,330,316,14,0.1311,0.302728,299,287,12,0.1841,0.423022,261,243,18,0.1145,0.19346,310,290,20,0.2049,0.58976,273,251,22,0.2002,0.331584,301,272,29,0.1591,6
0.75,0.85,0.04,0.15,0.5,0.1175,0.251278,328,312,16,0.1029,0.278568,301,285,16,0.1624,0.354292,258,236,22,0.1397,0.202278,303,278,25,0.2387,0.677876,269,249,20,0.1932,0.355417,291,267,24,0.159067,6
0.85,0.95,0.04,0.35,0.5,0.1164,0.251261,331,316,15,0.1308,0.290695,302,287,15,0.1876,0.427057,264,243,21,0.113,0.19126,309,290,19,0.2065,0.59276,275,251,24,0.1998,0.332216,304,272,32,0.159017,6
0.85,0.95,0.05,0.35,0.5,0.1164,0.251261,331,316,15,0.1302,0.288904,302,287,15,0.1876,0.427057,264,243,21,0.113,0.19126,309,290,19,0.2063,0.592416,275,251,24,0.2005,0.333049,303,272,31,0.159,6
0.85,0.9,0.04,0.25,0.5,0.1207,0.265078,330,316,14,0.1295,0.334828,298,287,11,0.1743,0.40675,260,243,17,0.1158,0.201355,309,290,19,0.2144,0.61203,272,251,21,0.1989,0.342594,298,272,26,0.158933,6
0.8,0.9,0.03,0.15,0.35,0.1156,0.259836,330,314,16,0.1045,0.30202,301,285,16,0.1635,0.386846,263,240,23,0.1406,0.223607,311,284,27,0.2288,0.681746,274,249,25,0.2005,0.361801,302,271,31,0.158917,6
0.8,0.85,0.04,0.1,0.5,0.1172,0.260038,328,314,14,0.0947,0.304788,300,285,15,0.1571,0.357752,257,240,17,0.1311,0.213058,307,284,23,0.2568,0.723816,267,249,18,0.1964,0.377691,292,272,20,0.158883,6
0.75,0.95,0.03,0.15,0.5,0.1121,0.254224,331,312,19,0.1121,0.317987,304,285,19,0.1611,0.369285,266,236,30,0.1472,0.21651,307,278,29,0.2199,0.641029,278,249,29,0.2007,0.357625,305,267,38,0.15885,6
0.8,0.9,0.04,0.15,0.35,0.1148,0.26459,330,314,16,0.1075,0.318863,300,285,15,0.162,0.38677,262,240,22,0.1325,0.217735,310,284,26,0.2353,0.69695,273,249,24,0.2007,0.366327,299,271,28,0.1588,6
0.75,0.85,0.03,0.15,0.25,0.1136,0.253783,329,312,17,0.1066,0.306793,301,285,16,0.1598,0.370707,260,236,24,0.1365,0.207533,306,278,28,0.2351,0.689155,271,249,22,0.2008,0.376275,294,267,27,0.158733,6
0.8,0.95,0.03,0.15,0.25,0.1114,0.259528,331,314,17,0.1086,0.320981,303,285,18,0.1601,0.392794,265,240,25,0.1339,0.219466,311,284,27,0.2352,0.703493,276,249,27,0.2032,0.372916,307,271,36,0.158733,6
0.8,0.9,0.05,0.15,0.5,0.1179,0.266455,330,314,16,0.1056,0.304496,300,285,15,0.1661,0.384748,262,240,22,0.1366,0.220898,310,284,26,0.23,0.68124,273,249,24,0.1958,0.355279,297,271,26,0.158667,6
0.75,0.85,0.04,0.15,0.35,0.1149,0.253895,328,312,16,0.1052,0.294432,301,285,16,0.1579,0.355775,258,236,22,0.1339,0.20426,303,278,25,0.2416,0.69296,269,249,20,0.1981,0.369253,291,267,24,0.1586,6
0.85,0.9,0.04,0.25,0.35,0.1195,0.264235,330,316,14,0.1255,0.350305,298,287,11,0.1698,0.407535,260,243,17,0.114,0.199735,309,290,19,0.2177,0.621616,272,251,21,0.2039,0.35333,298,272,26,0.1584,6
0.85,0.9,0.05,0.25,0.5,0.1207,0.265078,330,316,14,0.1264,0.326946,298,287,11,0.1742,0.406612,260,243,17,0.1154,0.201188,309,290,19,0.2136,0.611079,272,251,21,0.1992,0.344699,296,272,24,0.15825,6
0.75,0.9,0.04,0.15,0.5,0.1177,0.260274,330,312,18,0.108,0.300768,301,285,16,0.1652,0.364996,263,236,27,0.1412,0.212375,306,278,28,0.2192,0.639604,275,249,26,0.1981,0.352401,297,267,30,0.158233,6
0.8,0.85,0.03,0.15,0.2,0.1094,0.259802,328,314,14,0.1056,0.320376,300,285,15,0.1524,0.394139,259,240,19,0.1296,0.214963,310,284,26,0.2512,0.767542,269,249,20,0.201,0.411357,296,272,24,0.1582,6
0.8,0.95,0.04,0.15,0.5,0.1114,0.259528,331,314,17,0.112,0.328213,303,285,18,0.1601,0.392794,265,240,25,0.1349,0.220146,310,284,26,0.232,0.684566,276,249,27,0.1986,0.361038,305,271,34,0.158167,6
0.8,0.95,0.03,0.15,0.2,0.1114,0.259528,331,314,17,0.1074,0.317777,303,285,18,0.1601,0.392794,265,240,25,0.1313,0.217613,311,284,27,0.2351,0.708577,276,249,27,0.2036,0.376975,307,271,36,0.15815,6
0.75,0.85,0.05,0.15,0.5,0.1159,0.251195,327,312,15,0.102,0.275555,301,285,16,0.1612,0.354135,258,236,22,0.1371,0.220286,301,279,22,0.2376,0.677083,268,249,19,0.1944,0.358073,289,267,22,0.158033,6
0.8,0.95,0.04,0.15,0.35,0.1114,0.259528,331,314,17,0.11,0.323674,303,285,18,0.1601,0.392794,265,240,25,0.1301,0.216706,310,284,26,0.2345,0.694854,276,249,27,0.2021,0.370728,305,271,34,0.158033,6
0.8,0.95,0.05,0.15,0.5,0.1114,0.259528,331,314,17,0.1103,0.321779,303,285,18,0.1601,0.392794,265,240,25,0.1349,0.220146,310,284,26,0.2311,0.683446,276,249,27,0.2004,0.364766,304,271,33,0.158033,6
0.75,0.95,0.03,0.15,0.35,0.1121,0.254224,331,312,19,0.1101,0.313536,304,285,19,0.1611,0.369285,266,236,30,0.1413,0.213067,307,278,29,0.2218,0.648434,278,249,29,0.2012,0.360346,305,267,38,0.157933,6
0.8,0.9,0.03,0.15,0.25,0.1132,0.260678,330,314,16,0.1048,0.309873,301,285,16,0.1593,0.388592,263,240,23,0.1347,0.219782,311,284,27,0.2319,0.695994,274,249,25,0.2037,0.373264,302,271,31,0.157933,6
0.75,0.9,0.03,0.15,0.5,0.118,0.25288,330,312,18,0.1035,0.280091,302,285,17,0.1657,0.365063,264,236,28,0.1494,0.217643,307,278,29,0.2137,0.628343,276,249,27,0.1972,0.349171,300,267,33,0.157917,6
0.8,0.9,0.05,0.15,0.35,0.1148,0.26459,330,314,16,0.1058,0.312666,300,285,15,0.1607,0.38664,262,240,22,0.131,0.21703,310,284,26,0.2342,0.695491,273,249,24,0.2007,0.370261,297,271,26,0.157867,6
0.85,0.9,0.05,0.25,0.35,0.1195,0.264235,330,316,14,0.1226,0.341761,298,287,11,0.1697,0.407334,260,243,17,0.1138,0.199718,309,290,19,0.217,0.620616,272,251,21,0.2044,0.35624,296,272,24,0.157833,6
0.8,0.95,0.05,0.15,0.35,0.1114,0.259528,331,314,17,0.1084,0.317819,303,285,18,0.1601,0.392794,265,240,25,0.1301,0.216706,310,284,26,0.2336,0.693729,276,249,27,0.2033,0.37475,304,271,33,0.157817,6
0.75,0.85,0.05,0.2,0.25,0.1132,0.250214,327,312,15,0.1096,0.27978,301,285,16,0.1618,0.363006,258,236,22,0.1282,0.202852,301,279,22,0.2364,0.69971,268,249,19,0.1974,0.371045,289,267,22,0.157767,6
0.85,0.95,0.03,0.25,0.35,0.1167,0.258343,331,316,15,0.1207,0.317999,302,287,15,0.1753,0.411731,264,243,21,0.1166,0.201591,310,290,20,0.2153,0.615426,275,251,24,0.2018,0.348309,306,272,34,0.157733,6
0.85,0.9,0.04,0.2,0.5,0.1194,0.268941,330,316,14,0.1258,0.341637,298,287,11,0.1677,0.395078,260,243,17,0.1165,0.20693,309,290,19,0.2182,0.622067,272,251,21,0.1981,0.348589,298,272,26,0.157617,6
0.8,0.85,0.04,0.1,0.35,0.1119,0.262821,328,314,14,0.0973,0.324317,300,285,15,0.1483,0.361986,257,240,17,0.1228,0.214736,307,284,23,0.2602,0.746216,267,249,18,0.2051,0.40519,292,272,20,0.1576,6
0.85,0.9,0.03,0.25,0.5,0.1204,0.259735,330,316,14,0.1244,0.310896,299,287,12,0.1748,0.40668,261,243,18,0.1187,0.203884,310,290,20,0.2088,0.601026,273,251,22,0.1982,0.340616,301,272,29,0.15755,6
0.85,0.9,0.03,0.25,0.35,0.1191,0.26142,330,316,14,0.1222,0.330795,299,287,12,0.1708,0.407385,261,243,18,0.1168,0.202274,310,290,20,0.2129,0.611081,273,251,22,0.2032,0.349894,301,272,29,0.1575,6
0.75,0.9,0.03,0.15,0.35,0.1157,0.254481,330,312,18,0.1054,0.293222,302,285,17,0.1629,0.366003,264,236,28,0.143,0.21389,307,278,29,0.2176,0.638978,276,249,27,0.2003,0.356841,300,267,33,0.157483,6
0.8,0.85,0.03,0.1,0.35,0.1142,0.257933,328,314,14,0.098,0.326588,300,285,15,0.1602,0.388422,259,240,19,0.1311,0.21044,310,284,26,0.2476,0.716272,269,249,20,0.1938,0.379152,296,272,24,0.157483,6
0.8,0.95,0.04,0.15,0.25,0.1114,0.259528,331,314,17,0.108,0.318951,303,285,18,0.1601,0.392794,265,240,25,0.127,0.214413,310,284,26,0.2352,0.703493,276,249,27,0.2032,0.377873,305,271,34,0.157483,6
0.85,0.95,0.03,0.25,0.5,0.1167,0.258343,331,316,15,0.1221,0.320835,302,287,15,0.1755,0.411556,264,243,21,0.1182,0.202901,310,290,20,0.2134,0.609834,275,251,24,0.199,0.343239,306,272,34,0.157483,6
0.75,0.9,0.05,0.15,0.5,0.1177,0.260274,330,312,18,0.1065,0.295644,301,285,16,0.1645,0.364929,263,236,27,0.139,0.21139,306,278,28,0.2185,0.63863,275,249,26,0.1986,0.355915,295,267,28,0.157467,6
0.85,0.95,0.04,0.25,0.35,0.1167,0.258343,331,316,15,0.1202,0.316587,302,287,15,0.1753,0.411731,264,243,21,0.1139,0.199306,309,290,19,0.2153,0.615426,275,251,24,0.2027,0.351035,304,272,32,0.15735,6
0.75,0.95,0.05,0.15,0.5,0.1121,0.254224,331,312,19,0.1097,0.309403,304,285,19,0.1611,0.369285,266,236,30,0.1375,0.210698,306,278,28,0.2193,0.64022,278,249,29,0.2041,0.366586,302,267,35,0.1573,6
0.75,0.95,0.04,0.15,0.5,0.1121,0.254224,331,312,19,0.1114,0.315695,304,285,19,0.1611,0.369285,266,236,30,0.1375,0.210698,306,278,28,0.2199,0.641029,278,249,29,0.2017,0.362034,303,267,36,0.157283,6
0.75,0.9,0.04,0.15,0.35,0.1152,0.258653,330,312,18,0.1084,0.309696,301,285,16,0.162,0.365903,263,236,27,0.1351,0.208473,306,278,28,0.2224,0.64995,275,249,26,0.2005,0.361093,297,267,30,0.157267,6
0.85,0.95,0.05,0.25,0.35,0.1167,0.258343,331,316,15,0.1191,0.31304,302,287,15,0.1753,0.411731,264,243,21,0.1139,0.199306,309,290,19,0.2147,0.61472,275,251,24,0.2039,0.353253,303,272,31,0.157267,6
0.8,0.95,0.05,0.15,0.25,0.1114,0.259528,331,314,17,0.1067,0.314125,303,285,18,0.1601,0.392794,265,240,25,0.127,0.214413,310,284,26,0.2345,0.702508,276,249,27,0.2037,0.38138,304,271,33,0.157233,6
0.8,0.9,0.04,0.15,0.25,0.1129,0.263348,330,314,16,0.1065,0.321829,300,285,15,0.1575,0.38852,262,240,22,0.1279,0.214622,310,284,26,0.2367,0.709688,273,249,24,0.2017,0.378194,299,271,28,0.1572,6
0.75,0.85,0.03,0.1,0.35,0.1147,0.254872,329,312,17,0.0991,0.319714,301,285,16,0.1596,0.371981,260,236,24,0.1339,0.210208,306,278,28,0.2359,0.677109,271,249,22,0.1994,0.375451,294,267,27,0.1571,6
0.8,0.85,0.05,0.1,0.5,0.1131,0.25915,326,314,12,0.0937,0.301078,300,285,15,0.1547,0.357579,257,240,17,0.1272,0.235331,305,285,20,0.255,0.722678,266,249,17,0.1984,0.383009,290,272,18,0.157017,6
0.8,0.95,0.04,0.15,0.2,0.1114,0.259528,331,314,17,0.1069,0.315998,303,285,18,0.1601,0.392794,265,240,25,0.1255,0.213266,310,284,26,0.2351,0.708577,276,249,27,0.2031,0.381549,305,271,34,0.157017,6
0.85,0.95,0.04,0.25,0.5,0.1167,0.258343,331,316,15,0.1216,0.319415,302,287,15,0.1755,0.411556,264,243,21,0.1153,0.200545,309,290,19,0.2134,0.609834,275,251,24,0.1996,0.345221,304,272,32,0.157017,6
0.75,0.85,0.03,0.15,0.2,0.1116,0.255126,329,312,17,0.1065,0.311187,301,285,16,0.1561,0.369214,260,236,24,0.1319,0.206926,306,278,28,0.2349,0.700736,271,249,22,0.201,0.383149,294,267,27,0.157,6
0.85,0.95,0.05,0.25,0.5,0.1167,0.258343,331,316,15,0.1205,0.315517,302,287,15,0.1755,0.411556,264,243,21,0.1153,0.200545,309,290,19,0.2129,0.609131,275,251,24,0.2009,0.347241,303,272,31,0.156967,6
0.8,0.85,0.03,0.1,0.5,0.1171,0.25254,328,314,14,0.095,0.30614,300,285,15,0.1717,0.39459,259,240,19,0.1307,0.201904,310,284,26,0.2411,0.692827,269,249,20,0.1857,0.359621,296,272,24,0.156883,6
0.75,0.95,0.03,0.15,0.25,0.1121,0.254224,331,312,19,0.108,0.308622,304,285,19,0.1611,0.369285,266,236,30,0.1366,0.21007,307,278,29,0.2225,0.654628,278,249,29,0.2009,0.362803,305,267,38,0.156867,6
0.8,0.9,0.03,0.15,0.2,0.1119,0.26099,330,314,16,0.1045,0.312865,301,285,16,0.1567,0.389602,263,240,23,0.1314,0.217509,311,284,27,0.2328,0.705226,274,249,25,0.2038,0.380095,302,271,31,0.15685,6
0.85,0.9,0.05,0.2,0.5,0.1194,0.268941,330,316,14,0.1226,0.333205,298,287,11,0.1676,0.394862,260,243,17,0.1156,0.206431,309,290,19,0.2173,0.620831,272,251,21,0.1984,0.35129,296,272,24,0.156817,6
0.85,0.9,0.04,0.2,0.35,0.1173,0.26759,330,316,14,0.1212,0.359266,298,287,11,0.1624,0.396669,260,243,17,0.1133,0.204162,309,290,19,0.2224,0.634805,272,251,21,0.2039,0.362104,298,272,26,0.15675,6
0.8,0.95,0.05,0.15,0.2,0.1114,0.259528,331,314,17,0.1057,0.311881,303,285,18,0.1601,0.392794,265,240,25,0.1255,0.213266,310,284,26,0.2344,0.707712,276,249,27,0.2031,0.384576,304,271,33,0.1567,6
0.75,0.85,0.03,0.1,0.5,0.1168,0.249758,329,312,17,0.0962,0.299681,301,285,16,0.1689,0.380024,260,236,24,0.1352,0.203722,306,278,28,0.2304,0.658134,271,249,22,0.1926,0.359638,294,267,27,0.156683,6
0.75,0.95,0.04,0.15,0.35,0.1121,0.254224,331,312,19,0.1094,0.311256,304,285,19,0.1611,0.369285,266,236,30,0.1328,0.207525,306,278,28,0.2218,0.648434,278,249,29,0.2018,0.364974,303,267,36,0.1565,6
0.75,0.9,0.05,0.15,0.35,0.1152,0.258653,330,312,18,0.1067,0.303635,301,285,16,0.1613,0.365777,263,236,27,0.1336,0.207822,306,278,28,0.2216,0.648896,275,249,26,0.2005,0.364764,295,267,28,0.156483,6
0.85,0.9,0.03,0.2,0.5,0.1203,0.262137,330,316,14,0.1203,0.315489,299,287,12,0.1685,0.395009,261,243,18,0.1212,0.210931,310,290,20,0.2111,0.607774,273,251,22,0.1973,0.346089,301,272,29,0.15645,6
0.75,0.9,0.03,0.15,0.25,0.1137,0.25523,330,312,18,0.1057,0.300903,302,285,17,0.1604,0.3668,264,236,28,0.1373,0.210362,307,278,29,0.22,0.649214,276,249,27,0.2012,0.363159,300,267,33,0.156383,6
0.75,0.95,0.05,0.15,0.35,0.1121,0.254224,331,312,19,0.1077,0.30553,304,285,19,0.1611,0.369285,266,236,30,0.1328,0.207525,306,278,28,0.2212,0.647622,278,249,29,0.203,0.368752,302,267,35,0.156317,6
0.8,0.85,0.04,0.15,0.2,0.1083,0.260526,328,314,14,0.1049,0.318195,300,285,15,0.1459,0.383063,257,240,17,0.1195,0.211937,307,284,23,0.2561,0.791526,267,249,18,0.2031,0.436103,292,272,20,0.1563,6
0.8,0.9,0.05,0.15,0.25,0.1129,0.263348,330,314,16,0.1049,0.315936,300,285,15,0.1565,0.388282,262,240,22,0.1271,0.214333,310,284,26,0.2357,0.708265,273,249,24,0.2007,0.381981,297,271,26,0.1563,6
0.75,0.85,0.04,0.15,0.25,0.1117,0.254902,328,312,16,0.1059,0.304653,301,285,16,0.1534,0.357392,258,236,22,0.1264,0.203192,303,278,25,0.2411,0.707701,269,249,20,0.1992,0.381146,291,267,24,0.156283,6
0.85,0.9,0.03,0.2,0.35,0.118,0.263966,330,316,14,0.1177,0.337822,299,287,12,0.1638,0.396506,261,243,18,0.1178,0.208229,310,290,20,0.2163,0.621018,273,251,22,0.2034,0.357787,301,272,29,0.156167,6
0.85,0.95,0.03,0.2,0.35,0.1146,0.262142,331,316,15,0.1154,0.338457,302,287,15,0.1659,0.401187,264,243,21,0.1173,0.207614,310,290,20,0.2205,0.629731,275,251,24,0.2032,0.358684,306,272,34,0.15615,6
0.75,0.95,0.03,0.15,0.2,0.1121,0.254224,331,312,19,0.1067,0.305489,304,285,19,0.1611,0.369285,266,236,30,0.134,0.208361,307,278,29,0.2225,0.658262,278,249,29,0.2004,0.364184,305,267,38,0.156133,6
0.75,0.85,0.05,0.15,0.35,0.1126,0.253668,327,312,15,0.1039,0.289797,301,285,16,0.1566,0.355513,258,236,22,0.125,0.211962,301,279,22,0.2405,0.693768,268,249,19,0.1981,0.372804,289,267,22,0.156117,6
0.85,0.9,0.05,0.2,0.35,0.1173,0.26759,330,316,14,0.1183,0.35001,298,287,11,0.1622,0.396352,260,243,17,0.1127,0.203919,309,290,19,0.2214,0.633488,272,251,21,0.2043,0.365811,296,272,24,0.156033,6
0.85,0.95,0.03,0.2,0.5,0.1146,0.262142,331,316,15,0.1173,0.34249,302,287,15,0.1664,0.400802,264,243,21,0.1202,0.20995,310,290,20,0.2181,0.621517,275,251,24,0.1995,0.351402,306,272,34,0.156017,6
0.75,0.85,0.04,0.1,0.5,0.117,0.256616,328,312,16,0.0958,0.298357,301,285,16,0.1544,0.343253,258,236,22,0.132,0.205964,303,278,25,0.2432,0.683234,269,249,20,0.1935,0.363036,291,267,24,0.155983,6
0.85,0.95,0.03,0.2,0.25,0.1146,0.262142,331,316,15,0.1136,0.334011,302,287,15,0.1655,0.401444,264,243,21,0.1148,0.205552,310,290,20,0.2217,0.636259,275,251,24,0.2056,0.364847,306,272,34,0.155967,6
0.8,0.9,0.04,0.15,0.2,0.1119,0.262726,330,314,16,0.1056,0.322072,300,285,15,0.155,0.389538,262,240,22,0.1255,0.212977,310,284,26,0.2365,0.71763,273,249,24,0.2002,0.384686,299,271,28,0.155783,6
0.75,0.9,0.04,0.15,0.25,0.1135,0.257573,330,312,18,0.1074,0.312596,301,285,16,0.1593,0.36669,263,236,27,0.1306,0.205601,306,278,28,0.2236,0.659081,275,249,26,0.1996,0.367172,297,267,30,0.155667,6
0.75,0.95,0.04,0.15,0.25,0.1121,0.254224,331,312,19,0.1074,0.306636,304,285,19,0.1611,0.369285,266,236,30,0.1297,0.205409,306,278,28,0.2225,0.654628,278,249,29,0.2009,0.366839,303,267,36,0.155617,6
0.8,0.85,0.03,0.1,0.25,0.1088,0.260807,328,314,14,0.0989,0.339534,300,285,15,0.1494,0.386099,259,240,19,0.1258,0.214148,310,284,26,0.2502,0.741129,269,249,20,0.2004,0.401215,296,272,24,0.155583,6
0.85,0.9,0.04,0.15,0.5,0.1161,0.27307,330,316,14,0.1217,0.349044,298,287,11,0.1597,0.380338,260,243,17,0.1159,0.213071,309,290,19,0.2226,0.633652,272,251,21,0.1975,0.355424,298,272,26,0.155583,6
0.85,0.95,0.04,0.2,0.35,0.1146,0.262142,331,316,15,0.1148,0.336421,302,287,15,0.1659,0.401187,264,243,21,0.1127,0.203714,309,290,19,0.2205,0.629731,275,251,24,0.2042,0.362726,304,272,32,0.15545,6
0.85,0.9,0.03,0.2,0.25,0.1159,0.264811,330,316,14,0.1151,0.35182,299,287,12,0.1596,0.398027,261,243,18,0.1148,0.205705,310,290,20,0.2197,0.633382,273,251,22,0.2074,0.368925,301,272,29,0.155417,6
0.85,0.9,0.04,0.2,0.25,0.116,0.266689,330,316,14,0.117,0.367332,298,287,11,0.158,0.398246,260,243,17,0.1109,0.202157,309,290,19,0.2244,0.645608,272,251,21,0.2062,0.373704,298,272,26,0.155417,6
0.75,0.95,0.05,0.15,0.25,0.1121,0.254224,331,312,19,0.1061,0.301917,304,285,19,0.1611,0.369285,266,236,30,0.1297,0.205409,306,278,28,0.2219,0.653917,278,249,29,0.2013,0.369694,302,267,35,0.155367,6
0.85,0.95,0.04,0.2,0.25,0.1146,0.262142,331,316,15,0.1131,0.332238,302,287,15,0.1655,0.401444,264,243,21,0.1111,0.202261,309,290,19,0.2217,0.636259,275,251,24,0.2062,0.368951,304,272,32,0.155367,6
0.75,0.9,0.03,0.15,0.2,0.1126,0.25551,330,312,18,0.1054,0.303829,302,285,17,0.1588,0.367247,264,236,28,0.134,0.208265,307,278,29,0.2208,0.655821,276,249,27,0.2005,0.3666,300,267,33,0.15535,6
0.85,0.95,0.05,0.2,0.35,0.1146,0.262142,331,316,15,0.1134,0.331308,302,287,15,0.1659,0.401187,264,243,21,0.1127,0.203714,309,290,19,0.2198,0.628756,275,251,24,0.2057,0.366023,303,272,31,0.15535,6
0.8,0.85,0.05,0.15,0.25,0.1061,0.259033,326,314,12,0.1036,0.308495,300,285,15,0.1488,0.380206,257,240,17,0.1137,0.216124,305,285,20,0.2575,0.780358,266,249,17,0.202,0.430112,290,272,18,0.155283,6
0.85,0.95,0.05,0.2,0.25,0.1146,0.262142,331,316,15,0.1119,0.328024,302,287,15,0.1655,0.401444,264,243,21,0.1111,0.202261,309,290,19,0.221,0.635406,275,251,24,0.2071,0.371858,303,272,31,0.1552,6
0.85,0.95,0.04,0.2,0.5,0.1146,0.262142,331,316,15,0.1166,0.340443,302,287,15,0.1664,0.400802,264,243,21,0.1151,0.205892,309,290,19,0.2181,0.621517,275,251,24,0.2003,0.354344,304,272,32,0.155183,6
0.85,0.95,0.05,0.2,0.5,0.1146,0.262142,331,316,15,0.1151,0.334824,302,287,15,0.1664,0.400802,264,243,21,0.1151,0.205892,309,290,19,0.2173,0.620546,275,251,24,0.2021,0.357364,303,272,31,0.1551,6
0.75,0.85,0.03,0.1,0.25,0.1105,0.257793,329,312,17,0.1001,0.332396,301,285,16,0.151,0.367653,260,236,24,0.127,0.21125,306,278,28,0.2384,0.697151,271,249,22,0.2032,0.390553,294,267,27,0.155033,6
0.75,0.95,0.04,0.15,0.2,0.1121,0.254224,331,312,19,0.1062,0.303749,304,285,19,0.1611,0.369285,266,236,30,0.1283,0.204352,306,278,28,0.2225,0.658262,278,249,29,0.2,0.367675,303,267,36,0.155033,6
0.8,0.9,0.05,0.15,0.2,0.1119,0.262726,330,314,16,0.1041,0.316707,300,285,15,0.1543,0.389227,262,240,22,0.1252,0.212949,310,284,26,0.2356,0.716279,273,249,24,0.1987,0.38806,297,271,26,0.154967,6
0.85,0.9,0.03,0.15,0.5,0.1195,0.264691,330,316,14,0.1159,0.320474,299,287,12,0.1609,0.380307,261,243,18,0.1234,0.21937,310,290,20,0.2135,0.61537,273,251,22,0.1966,0.352304,301,272,29,0.154967,6
0.75,0.9,0.05,0.15,0.25,0.1135,0.257573,330,312,18,0.1058,0.306833,301,285,16,0.1587,0.366516,263,236,27,0.1298,0.205335,306,278,28,0.2229,0.658053,275,249,26,0.1987,0.370237,295,267,28,0.1549,6
0.75,0.85,0.04,0.1,0.35,0.1124,0.259208,328,312,16,0.0985,0.317489,301,285,16,0.1482,0.345772,258,236,22,0.1238,0.207359,303,278,25,0.2464,0.70134,269,249,20,0.1996,0.381254,291,267,24,0.154817,6
0.75,0.95,0.05,0.15,0.2,0.1121,0.254224,331,312,19,0.1051,0.299722,304,285,19,0.1611,0.369285,266,236,30,0.1283,0.204352,306,278,28,0.222,0.657637,278,249,29,0.2001,0.369985,302,267,35,0.154783,6
0.85,0.9,0.05,0.2,0.25,0.116,0.266689,330,316,14,0.1145,0.35871,298,287,11,0.1578,0.397905,260,243,17,0.1108,0.202189,309,290,19,0.2235,0.64435,272,251,21,0.2058,0.377318,296,272,24,0.154733,6
0.8,0.9,0.03,0.1,0.5,0.1149,0.261976,330,314,16,0.0959,0.309441,301,285,16,0.1585,0.369306,263,240,23,0.1412,0.236389,311,284,27,0.2226,0.658901,274,249,25,0.1948,0.357285,302,271,31,0.15465,6
0.85,0.9,0.05,0.15,0.5,0.1161,0.27307,330,316,14,0.1185,0.340012,298,287,11,0.1595,0.380005,260,243,17,0.114,0.211911,309,290,19,0.2213,0.63207,272,251,21,0.1976,0.358865,296,272,24,0.1545,6
0.75,0.9,0.03,0.1,0.5,0.1152,0.258421,330,312,18,0.0971,0.302907,302,285,17,0.1565,0.353894,264,236,28,0.1426,0.228672,307,278,29,0.2153,0.630651,276,249,27,0.1998,0.362391,300,267,33,0.154417,6
0.75,0.9,0.04,0.15,0.2,0.1127,0.257033,330,312,18,0.1065,0.312834,301,285,16,0.1578,0.36714,263,236,27,0.1282,0.204084,306,278,28,0.2236,0.664748,275,249,26,0.1977,0.370104,297,267,30,0.154417,6
0.8,0.9,0.04,0.1,0.5,0.1117,0.272669,330,314,16,0.1011,0.336392,300,285,15,0.1571,0.369169,262,240,22,0.1283,0.22715,310,284,26,0.2327,0.679732,273,249,24,0.1956,0.360741,299,271,28,0.154417,6
0.75,0.85,0.05,0.1,0.5,0.114,0.256103,327,312,15,0.0948,0.294723,301,285,16,0.1526,0.34306,258,236,22,0.1278,0.226392,301,279,22,0.2418,0.682309,268,249,19,0.1949,0.366524,289,267,22,0.154317,6
0.75,0.95,0.03,0.1,0.5,0.102,0.259329,331,312,19,0.1089,0.364157,304,285,19,0.1436,0.36195,266,236,30,0.1376,0.226348,307,278,29,0.2258,0.65252,278,249,29,0.2075,0.379916,305,267,38,0.154233,6
0.85,0.9,0.03,0.15,0.35,0.1156,0.266472,330,316,14,0.1128,0.34554,299,287,12,0.1553,0.382869,261,243,18,0.1175,0.214833,310,290,20,0.2199,0.632581,273,251,22,0.2038,0.366893,301,272,29,0.15415,6
0.75,0.9,0.04,0.1,0.5,0.1125,0.268257,330,312,18,0.1022,0.329311,301,285,16,0.1555,0.353763,263,236,27,0.1299,0.219932,306,278,28,0.2236,0.647521,275,249,26,0.201,0.367393,297,267,30,0.154117,6
0.8,0.85,0.04,0.05,0.5,0.1158,0.264028,328,314,14,0.0869,0.326942,300,285,15,0.1458,0.335114,257,240,17,0.1225,0.212693,307,284,23,0.2557,0.711194,267,249,18,0.1975,0.379681,292,272,20,0.154033,6
0.85,0.9,0.04,0.15,0.35,0.1126,0.270877,330,316,14,0.1166,0.369129,298,287,11,0.1532,0.382976,260,243,17,0.1102,0.20834,309,290,19,0.2277,0.650366,272,251,21,0.2039,0.372236,298,272,26,0.154033,6
0.75,0.85,0.04,0.15,0.2,0.1096,0.255136,328,312,16,0.1058,0.309054,301,285,16,0.1506,0.358426,258,236,22,0.1213,0.201676,303,278,25,0.2388,0.717923,269,249,20,0.1978,0.387682,291,267,24,0.153983,6
0.75,0.85,0.03,0.05,0.5,0.1165,0.253731,329,312,17,0.088,0.324738,301,285,16,0.1642,0.378779,260,236,24,0.1275,0.206533,306,278,28,0.2333,0.660266,271,249,22,0.1934,0.36787,294,267,27,0.153817,6
0.75,0.85,0.03,0.05,0.35,0.1126,0.259067,329,312,17,0.0913,0.349358,301,285,16,0.1515,0.368208,260,236,24,0.1251,0.21373,306,278,28,0.2397,0.682728,271,249,22,0.2022,0.388479,294,267,27,0.153733,6
0.75,0.9,0.05,0.15,0.2,0.1127,0.257033,330,312,18,0.105,0.307587,301,285,16,0.1574,0.36694,263,236,27,0.1279,0.204058,306,278,28,0.2229,0.663772,275,249,26,0.1964,0.372665,295,267,28,0.153717,6
0.8,0.9,0.03,0.1,0.35,0.1095,0.26343,330,314,16,0.0982,0.326773,301,285,16,0.1526,0.372729,263,240,23,0.1301,0.229344,311,284,27,0.2294,0.67898,274,249,25,0.2018,0.373217,302,271,31,0.1536,6
0.85,0.95,0.03,0.15,0.5,0.1089,0.265303,331,316,15,0.1126,0.370946,302,287,15,0.1542,0.387759,264,243,21,0.1213,0.217966,310,290,20,0.2237,0.635957,275,251,24,0.2005,0.361572,306,272,34,0.153533,6
0.8,0.95,0.03,0.1,0.5,0.1001,0.262859,331,314,17,0.1086,0.374104,303,285,18,0.1402,0.382117,265,240,25,0.136,0.233931,311,284,27,0.2354,0.685915,276,249,27,0.2,0.370515,307,271,36,0.153383,6
0.8,0.85,0.05,0.1,0.35,0.1059,0.261162,326,314,12,0.0959,0.318611,300,285,15,0.1451,0.361642,257,240,17,0.1109,0.22326,305,285,20,0.2584,0.747543,266,249,17,0.204,0.41214,290,272,18,0.153367,6
0.85,0.95,0.03,0.15,0.35,0.1089,0.265303,331,316,15,0.1103,0.365275,302,287,15,0.153,0.388551,264,243,21,0.1158,0.213797,310,290,20,0.2267,0.647899,275,251,24,0.2053,0.371816,306,272,34,0.153333,6
0.75,0.9,0.03,0.1,0.35,0.1105,0.25979,330,312,18,0.0994,0.319888,302,285,17,0.1523,0.356004,264,236,28,0.1317,0.222007,307,278,29,0.221,0.646883,276,249,27,0.2043,0.374316,300,267,33,0.1532,6
0.8,0.85,0.04,0.1,0.25,0.1058,0.263374,328,314,14,0.0983,0.3369,300,285,15,0.1395,0.366527,257,240,17,0.1122,0.212192,307,284,23,0.2581,0.768729,267,249,18,0.2052,0.428574,292,272,20,0.153183,6
0.75,0.85,0.05,0.15,0.25,0.1094,0.254728,327,312,15,0.1045,0.299567,301,285,16,0.1524,0.357043,258,236,22,0.1155,0.205173,301,279,22,0.2396,0.709989,268,249,19,0.197,0.384433,289,267,22,0.153067,6
0.85,0.9,0.05,0.15,0.35,0.1126,0.270877,330,316,14,0.1136,0.359083,298,287,11,0.1529,0.382481,260,243,17,0.1089,0.207575,309,290,19,0.2263,0.648654,272,251,21,0.2039,0.376906,296,272,24,0.153033,6
0.8,0.85,0.03,0.05,0.35,0.112,0.260407,328,314,14,0.0905,0.353548,300,285,15,0.1519,0.377336,259,240,19,0.1226,0.208754,310,284,26,0.2459,0.703369,269,249,20,0.195,0.381397,296,272,24,0.152983,6
0.8,0.85,0.03,0.05,0.5,0.1165,0.254977,328,314,14,0.0873,0.328591,300,285,15,0.1659,0.386569,259,240,19,0.1227,0.199639,310,284,26,0.2391,0.678468,269,249,20,0.1862,0.360616,296,272,24,0.15295,6
0.75,0.9,0.05,0.1,0.5,0.1125,0.268257,330,312,18,0.1006,0.322768,301,285,16,0.154,0.353653,263,236,27,0.126,0.217841,306,278,28,0.2225,0.646058,275,249,26,0.2016,0.372986,295,267,28,0.152867,6
0.8,0.9,0.05,0.1,0.5,0.1117,0.272669,330,314,16,0.0994,0.329714,300,285,15,0.1549,0.369094,262,240,22,0.1244,0.22494,310,284,26,0.2313,0.677926,273,249,24,0.1955,0.36463,297,271,26,0.152867,6
0.85,0.9,0.03,0.1,0.5,0.1176,0.267275,330,316,14,0.1111,0.325899,299,287,12,0.1517,0.36196,261,243,18,0.1246,0.229156,310,290,20,0.2161,0.623901,273,251,22,0.196,0.35935,301,272,29,0.15285,6
0.8,0.85,0.03,0.1,0.2,0.1047,0.261743,328,314,14,0.0989,0.344943,300,285,15,0.1426,0.385503,259,240,19,0.1197,0.214165,310,284,26,0.2488,0.758917,269,249,20,0.2015,0.41564,296,272,24,0.1527,6
0.85,0.9,0.03,0.15,0.25,0.112,0.267058,330,316,14,0.11,0.361409,299,287,12,0.1501,0.385254,261,243,18,0.1122,0.210563,310,290,20,0.2237,0.64903,273,251,22,0.2079,0.380731,301,272,29,0.15265,6
0.85,0.95,0.03,0.15,0.25,0.1089,0.265303,331,316,15,0.108,0.359015,302,287,15,0.1523,0.38908,264,243,21,0.1114,0.210175,310,290,20,0.2277,0.65781,275,251,24,0.2076,0.380455,306,272,34,0.15265,6
0.8,0.9,0.04,0.1,0.35,0.1065,0.269463,330,314,16,0.1017,0.348246,300,285,15,0.1501,0.372529,262,240,22,0.1176,0.219696,310,284,26,0.2378,0.699505,273,249,24,0.2014,0.379057,299,271,28,0.152517,6
0.75,0.95,0.03,0.1,0.35,0.102,0.259329,331,312,19,0.1062,0.357516,304,285,19,0.1436,0.36195,266,236,30,0.1271,0.219843,307,278,29,0.2281,0.665261,278,249,29,0.2071,0.384612,305,267,38,0.15235,6
0.8,0.95,0.03,0.1,0.35,0.1001,0.262859,331,314,17,0.106,0.367325,303,285,18,0.1402,0.382117,265,240,25,0.1253,0.227057,311,284,27,0.2381,0.701721,276,249,27,0.2044,0.382908,307,271,36,0.15235,6
0.75,0.85,0.03,0.1,0.2,0.1073,0.258885,329,312,17,0.1,0.337696,301,285,16,0.1458,0.3658,260,236,24,0.1206,0.209833,306,278,28,0.2375,0.711418,271,249,22,0.2028,0.399511,294,267,27,0.152333,6
0.85,0.9,0.04,0.1,0.5,0.1096,0.276963,330,316,14,0.1173,0.357134,298,287,11,0.1499,0.36186,260,243,17,0.1125,0.219207,309,290,19,0.2274,0.646973,272,251,21,0.1969,0.363201,298,272,26,0.152267,6
0.75,0.85,0.04,0.05,0.5,0.1159,0.262412,328,312,16,0.0876,0.323111,301,285,16,0.1441,0.327304,258,236,22,0.123,0.20895,303,278,25,0.2484,0.6898,269,249,20,0.1945,0.372275,291,267,24,0.15225,6
0.75,0.9,0.04,0.1,0.35,0.1079,0.265351,330,312,18,0.1029,0.340924,301,285,16,0.1506,0.355798,263,236,27,0.1195,0.212879,306,278,28,0.2279,0.663488,275,249,26,0.2037,0.380819,297,267,30,0.152083,6
0.85,0.95,0.04,0.15,0.5,0.1089,0.265303,331,316,15,0.1118,0.368026,302,287,15,0.1542,0.387759,264,243,21,0.1123,0.210956,309,290,19,0.2237,0.635957,275,251,24,0.2015,0.365833,304,272,32,0.152067,6
0.85,0.95,0.03,0.15,0.2,0.1089,0.265303,331,316,15,0.1066,0.355023,302,287,15,0.1519,0.389344,264,243,21,0.109,0.208111,310,290,20,0.2276,0.663592,275,251,24,0.2081,0.385366,306,272,34,0.152017,6
0.85,0.95,0.04,0.15,0.35,0.1089,0.265303,331,316,15,0.1095,0.362371,302,287,15,0.153,0.388551,264,243,21,0.108,0.20712,309,290,19,0.2267,0.647899,275,251,24,0.206,0.377632,304,272,32,0.152017,6
0.85,0.95,0.05,0.15,0.5,0.1089,0.265303,331,316,15,0.1098,0.360009,302,287,15,0.1542,0.387759,264,243,21,0.1123,0.210956,309,290,19,0.2227,0.634643,275,251,24,0.2036,0.370233,303,272,31,0.151917,6
0.8,0.85,0.05,0.15,0.2,0.1036,0.259199,326,314,12,0.1036,0.313146,300,285,15,0.1447,0.382446,257,240,17,0.1083,0.21198,305,285,20,0.2534,0.795744,266,249,17,0.1976,0.441446,290,272,18,0.151867,6
0.85,0.9,0.04,0.15,0.25,0.1104,0.269415,330,316,14,0.1121,0.378546,298,287,11,0.1476,0.385413,260,243,17,0.106,0.204848,309,290,19,0.2294,0.664975,272,251,21,0.2054,0.386551,298,272,26,0.151817,6
0.85,0.95,0.05,0.15,0.35,0.1089,0.265303,331,316,15,0.1077,0.355075,302,287,15,0.153,0.388551,264,243,21,0.108,0.20712,309,290,19,0.2257,0.646579,275,251,24,0.2074,0.38238,303,272,31,0.151783,6
0.8,0.9,0.03,0.1,0.25,0.1053,0.263805,330,314,16,0.0988,0.336929,301,285,16,0.1469,0.375607,263,240,23,0.1204,0.22267,311,284,27,0.2326,0.698939,274,249,25,0.205,0.388246,302,271,31,0.1515,6
0.75,0.95,0.04,0.1,0.5,0.102,0.259329,331,312,19,0.108,0.360682,304,285,19,0.1436,0.36195,266,236,30,0.1211,0.215697,306,278,28,0.2258,0.65252,278,249,29,0.2084,0.387727,303,267,36,0.151483,6
0.8,0.85,0.04,0.05,0.35,0.1075,0.266293,328,314,14,0.0899,0.350776,300,285,15,0.1357,0.340056,257,240,17,0.1107,0.212932,307,284,23,0.2592,0.735089,267,249,18,0.2059,0.408731,292,272,20,0.151483,6
0.85,0.95,0.04,0.15,0.25,0.1089,0.265303,331,316,15,0.1073,0.356485,302,287,15,0.1523,0.38908,264,243,21,0.1051,0.204562,309,290,19,0.2277,0.65781,275,251,24,0.2075,0.386307,304,272,32,0.151467,6
0.75,0.95,0.05,0.1,0.5,0.102,0.259329,331,312,19,0.1057,0.351144,304,285,19,0.1436,0.36195,266,236,30,0.1211,0.215697,306,278,28,0.2248,0.651242,278,249,29,0.2111,0.395814,302,267,35,0.151383,6
0.8,0.85,0.05,0.05,0.5,0.1097,0.262463,326,314,12,0.0859,0.322414,300,285,15,0.1425,0.334741,257,240,17,0.116,0.236432,305,285,20,0.2538,0.710015,266,249,17,0.1993,0.385243,290,272,18,0.1512,6
0.75,0.85,0.05,0.1,0.35,0.1083,0.258325,327,312,15,0.097,0.311899,301,285,16,0.1459,0.345442,258,236,22,0.1121,0.21497,301,279,22,0.2449,0.702394,268,249,19,0.1988,0.385819,289,267,22,0.151167,6
0.85,0.9,0.03,0.15,0.2,0.11,0.267155,330,316,14,0.1081,0.368183,299,287,12,0.1468,0.386693,261,243,18,0.1091,0.208024,310,290,20,0.2248,0.65957,273,251,22,0.2082,0.388972,301,272,29,0.151167,6
0.85,0.95,0.05,0.15,0.25,0.1089,0.265303,331,316,15,0.1058,0.350472,302,287,15,0.1523,0.38908,264,243,21,0.1051,0.204562,309,290,19,0.2268,0.656655,275,251,24,0.208,0.390446,303,272,31,0.15115,6
0.75,0.85,0.04,0.1,0.25,0.1071,0.259764,328,312,16,0.0994,0.329816,301,285,16,0.1419,0.348452,258,236,22,0.1134,0.204824,303,278,25,0.2451,0.719423,269,249,20,0.1999,0.396741,291,267,24,0.151133,6
0.8,0.9,0.05,0.1,0.35,0.1065,0.269463,330,314,16,0.0998,0.340346,300,285,15,0.1475,0.372355,262,240,22,0.1149,0.217999,310,284,26,0.2363,0.697516,273,249,24,0.2009,0.384255,297,271,26,0.150983,6
0.85,0.9,0.03,0.1,0.35,0.1111,0.268641,330,316,14,0.1077,0.354045,299,287,12,0.145,0.365852,261,243,18,0.1141,0.22148,310,290,20,0.2237,0.646021,273,251,22,0.2042,0.377366,301,272,29,0.150967,6
0.85,0.95,0.04,0.15,0.2,0.1089,0.265303,331,316,15,0.106,0.352807,302,287,15,0.1519,0.389344,264,243,21,0.1038,0.203284,309,290,19,0.2276,0.663592,275,251,24,0.2074,0.390765,304,272,32,0.150933,6
0.75,0.9,0.03,0.1,0.25,0.1067,0.260164,330,312,18,0.0999,0.329837,302,285,17,0.1482,0.357736,264,236,28,0.1222,0.215693,307,278,29,0.2237,0.662953,276,249,27,0.2047,0.384038,300,267,33,0.1509,6
0.85,0.9,0.05,0.15,0.25,0.1104,0.269415,330,316,14,0.1095,0.369123,298,287,11,0.1473,0.384879,260,243,17,0.1054,0.204535,309,290,19,0.2282,0.663305,272,251,21,0.2042,0.391052,296,272,24,0.150833,6
0.85,0.9,0.05,0.1,0.5,0.1096,0.276963,330,316,14,0.1141,0.347442,298,287,11,0.1496,0.361353,260,243,17,0.109,0.216876,309,290,19,0.2258,0.644972,272,251,21,0.1968,0.367557,296,272,24,0.150817,6
0.75,0.9,0.05,0.1,0.35,0.1079,0.265351,330,312,18,0.1009,0.333184,301,285,16,0.1488,0.355603,263,236,27,0.1167,0.211274,306,278,28,0.2267,0.661877,275,249,26,0.2032,0.386581,295,267,28,0.1507,6
0.75,0.85,0.05,0.15,0.2,0.1075,0.25507,327,312,15,0.1044,0.304116,301,285,16,0.1499,0.358033,258,236,22,0.1104,0.201351,301,279,22,0.2369,0.720872,268,249,19,0.1944,0.390495,289,267,22,0.150583,6
0.8,0.95,0.03,0.1,0.25,0.1001,0.262859,331,314,17,0.1033,0.359829,303,285,18,0.1402,0.382117,265,240,25,0.1171,0.221158,311,284,27,0.2376,0.7157,276,249,27,0.2052,0.393257,307,271,36,0.150583,6
0.85,0.95,0.05,0.15,0.2,0.1089,0.265303,331,316,15,0.1047,0.347676,302,287,15,0.1519,0.389344,264,243,21,0.1038,0.203284,309,290,19,0.2268,0.662577,275,251,24,0.2074,0.394339,303,272,31,0.150583,6
0.8,0.95,0.04,0.1,0.5,0.1001,0.262859,331,314,17,0.1077,0.370558,303,285,18,0.1402,0.382117,265,240,25,0.1193,0.222674,310,284,26,0.2354,0.685915,276,249,27,0.2007,0.375911,305,271,34,0.150567,6
0.8,0.95,0.05,0.1,0.5,0.1001,0.262859,331,314,17,0.1054,0.360821,303,285,18,0.1402,0.382117,265,240,25,0.1193,0.222674,310,284,26,0.2341,0.684337,276,249,27,0.2027,0.381498,304,271,33,0.1503,6
0.75,0.85,0.03,0.05,0.25,0.1058,0.261538,329,312,17,0.0925,0.364944,301,285,16,0.1398,0.362641,260,236,24,0.1153,0.213796,306,278,28,0.2419,0.706807,271,249,22,0.2063,0.408039,294,267,27,0.150267,6
0.75,0.95,0.03,0.1,0.25,0.102,0.259329,331,312,19,0.1036,0.350172,304,285,19,0.1436,0.36195,266,236,30,0.1191,0.214262,307,278,29,0.2279,0.676477,278,249,29,0.2049,0.388712,305,267,38,0.150183,6
0.85,0.9,0.04,0.15,0.2,0.1093,0.268684,330,316,14,0.1094,0.381528,298,287,11,0.1444,0.386869,260,243,17,0.1038,0.203001,309,290,19,0.2293,0.673959,272,251,21,0.2038,0.394393,298,272,26,0.15,6
0.75,0.85,0.04,0.05,0.35,0.1082,0.264625,328,312,16,0.0906,0.346623,301,285,16,0.1358,0.331134,258,236,22,0.1113,0.209078,303,278,25,0.2518,0.711337,269,249,20,0.2016,0.395899,291,267,24,0.149883,6
0.8,0.85,0.03,0.05,0.25,0.1044,0.262753,328,314,14,0.0917,0.369348,300,285,15,0.1386,0.373126,259,240,19,0.1152,0.211931,310,284,26,0.2481,0.730124,269,249,20,0.2013,0.404726,296,272,24,0.149883,6
0.75,0.95,0.04,0.1,0.35,0.102,0.259329,331,312,19,0.1053,0.35406,304,285,19,0.1436,0.36195,266,236,30,0.1133,0.209773,306,278,28,0.2281,0.665261,278,249,29,0.2065,0.392674,303,267,36,0.1498,6
0.8,0.95,0.04,0.1,0.35,0.1001,0.262859,331,314,17,0.105,0.363798,303,285,18,0.1402,0.382117,265,240,25,0.1112,0.216414,310,284,26,0.2381,0.701721,276,249,27,0.204,0.390149,305,271,34,0.149767,6
0.85,0.9,0.03,0.05,0.5,0.1141,0.26968,330,316,14,0.1062,0.331812,299,287,12,0.1406,0.339256,261,243,18,0.1229,0.239901,310,290,20,0.2188,0.633462,273,251,22,0.1956,0.367327,301,272,29,0.1497,6
0.75,0.85,0.05,0.05,0.5,0.1107,0.261128,327,312,15,0.0866,0.318645,301,285,16,0.1413,0.326943,258,236,22,0.1165,0.23165,301,279,22,0.2467,0.688734,268,249,19,0.1959,0.376779,289,267,22,0.149617,6
0.75,0.9,0.03,0.05,0.5,0.1089,0.263622,330,312,18,0.0896,0.331975,302,285,17,0.1442,0.337208,264,236,28,0.1326,0.240778,307,278,29,0.2179,0.63615,276,249,27,0.2045,0.380628,300,267,33,0.149617,6
0.8,0.9,0.04,0.1,0.25,0.1033,0.267326,330,314,16,0.1008,0.352171,300,285,15,0.144,0.375395,262,240,22,0.11,0.21411,310,284,26,0.2385,0.717677,273,249,24,0.2009,0.394459,299,271,28,0.149583,6
0.85,0.9,0.04,0.1,0.35,0.104,0.273362,330,316,14,0.1117,0.380032,298,287,11,0.142,0.36573,260,243,17,0.1025,0.211062,309,290,19,0.2332,0.668688,272,251,21,0.2037,0.383876,298,272,26,0.149517,6
0.8,0.9,0.03,0.1,0.2,0.1031,0.263815,330,314,16,0.0985,0.340816,301,285,16,0.1432,0.377234,263,240,23,0.1149,0.218684,311,284,27,0.2327,0.712176,274,249,25,0.204,0.397096,302,271,31,0.1494,6
0.75,0.95,0.05,0.1,0.35,0.102,0.259329,331,312,19,0.1032,0.34538,304,285,19,0.1436,0.36195,266,236,30,0.1133,0.209773,306,278,28,0.2271,0.663977,278,249,29,0.207,0.399245,302,267,35,0.149367,6
0.8,0.95,0.05,0.1,0.35,0.1001,0.262859,331,314,17,0.103,0.354937,303,285,18,0.1402,0.382117,265,240,25,0.1112,0.216414,310,284,26,0.2368,0.700137,276,249,27,0.2044,0.396051,304,271,33,0.149283,6
0.8,0.95,0.03,0.1,0.2,0.1001,0.262859,331,314,17,0.1017,0.355047,303,285,18,0.1402,0.382117,265,240,25,0.1128,0.217814,311,284,27,0.2363,0.724203,276,249,27,0.2041,0.399047,307,271,36,0.1492,6
0.85,0.95,0.03,0.1,0.5,0.0973,0.266262,331,316,15,0.1084,0.408648,302,287,15,0.1373,0.371802,264,243,21,0.1196,0.2264,310,290,20,0.2304,0.653787,275,251,24,0.2022,0.374255,306,272,34,0.1492,6
0.75,0.9,0.04,0.1,0.25,0.105,0.263413,330,312,18,0.1019,0.34477,301,285,16,0.1462,0.357505,263,236,27,0.112,0.207594,306,278,28,0.2286,0.678086,275,249,26,0.2007,0.390033,297,267,30,0.149067,6
0.85,0.9,0.05,0.15,0.2,0.1093,0.268684,330,316,14,0.1072,0.372972,298,287,11,0.1441,0.386353,260,243,17,0.1035,0.202971,309,290,19,0.2282,0.672374,272,251,21,0.202,0.398404,296,272,24,0.14905,6
0.8,0.85,0.04,0.1,0.2,0.102,0.263167,328,314,14,0.0982,0.342317,300,285,15,0.1341,0.36942,257,240,17,0.1053,0.209391,307,284,23,0.2534,0.784753,267,249,18,0.2007,0.441219,292,272,20,0.14895,6
0.75,0.9,0.03,0.1,0.2,0.1047,0.26019,330,312,18,0.0996,0.333645,302,285,17,0.1456,0.358695,264,236,28,0.1169,0.211922,307,278,29,0.224,0.673571,276,249,27,0.2026,0.389244,300,267,33,0.1489,6
0.75,0.95,0.03,0.1,0.2,0.102,0.259329,331,312,19,0.102,0.345487,304,285,19,0.1436,0.36195,266,236,30,0.1148,0.211098,307,278,29,0.2269,0.683276,278,249,29,0.2027,0.390935,305,267,38,0.148667,6
0.8,0.9,0.03,0.05,0.5,0.1081,0.265238,330,314,16,0.0888,0.33593,301,285,16,0.1455,0.34608,263,240,23,0.1317,0.245139,311,284,27,0.222,0.651751,274,249,25,0.1951,0.366164,302,271,31,0.148533,6
0.8,0.95,0.04,0.1,0.25,0.1001,0.262859,331,314,17,0.1025,0.356757,303,285,18,0.1402,0.382117,265,240,25,0.1062,0.21224,310,284,26,0.2376,0.7157,276,249,27,0.2031,0.400399,305,271,34,0.148283,6
0.85,0.9,0.05,0.1,0.35,0.104,0.273362,330,316,14,0.1087,0.369104,298,287,11,0.1415,0.364971,260,243,17,0.1001,0.209273,309,290,19,0.2315,0.666484,272,251,21,0.2031,0.389704,296,272,24,0.14815,6
0.85,0.9,0.03,0.1,0.25,0.1055,0.26858,330,316,14,0.1047,0.372055,299,287,12,0.1383,0.369202,261,243,18,0.105,0.214199,310,290,20,0.2273,0.667754,273,251,22,0.208,0.39435,301,272,29,0.148133,6
0.85,0.95,0.03,0.1,0.35,0.0973,0.266262,331,316,15,0.1055,0.400744,302,287,15,0.1351,0.373282,264,243,21,0.1096,0.218894,310,290,20,0.2335,0.671054,275,251,24,0.2075,0.388356,306,272,34,0.148083,6
0.8,0.9,0.05,0.1,0.25,0.1033,0.267326,330,314,16,0.099,0.344659,300,285,15,0.1418,0.375117,262,240,22,0.1083,0.213057,310,284,26,0.2371,0.715692,273,249,24,0.1989,0.399382,297,271,26,0.148067,6
0.75,0.9,0.04,0.05,0.5,0.1015,0.275753,330,312,18,0.0955,0.366226,301,285,16,0.1423,0.336857,263,236,27,0.1128,0.226007,306,278,28,0.2299,0.660891,275,249,26,0.2057,0.388205,297,267,30,0.14795,6
0.75,0.95,0.04,0.1,0.25,0.102,0.259329,331,312,19,0.1028,0.347162,304,285,19,0.1436,0.36195,266,236,30,0.1084,0.205825,306,278,28,0.2279,0.676477,278,249,29,0.2028,0.395604,303,267,36,0.147917,6
0.75,0.9,0.05,0.1,0.25,0.105,0.263413,330,312,18,0.1001,0.33741,301,285,16,0.1446,0.357246,263,236,27,0.1103,0.206598,306,278,28,0.2275,0.676479,275,249,26,0.1987,0.394767,295,267,28,0.1477,6
0.8,0.85,0.05,0.1,0.25,0.0996,0.261366,326,314,12,0.0967,0.330639,300,285,15,0.1366,0.366025,257,240,17,0.0985,0.213253,305,285,20,0.2554,0.772425,266,249,17,0.1994,0.434773,290,272,18,0.1477,6
0.75,0.85,0.04,0.1,0.2,0.1037,0.259609,328,312,16,0.0993,0.335123,301,285,16,0.138,0.350147,258,236,22,0.1067,0.202109,303,278,25,0.2415,0.732204,269,249,20,0.1968,0.405117,291,267,24,0.147667,6
0.8,0.95,0.05,0.1,0.25,0.1001,0.262859,331,314,17,0.1008,0.349454,303,285,18,0.1402,0.382117,265,240,25,0.1062,0.21224,310,284,26,0.2366,0.714313,276,249,27,0.2021,0.405434,304,271,33,0.147667,6
0.75,0.85,0.03,0.1,0.15,0.1031,0.259596,329,312,17,0.0995,0.341831,301,285,16,0.1398,0.364127,260,236,24,0.1118,0.206472,306,278,28,0.2332,0.730337,271,249,22,0.1985,0.409098,294,267,27,0.14765,6
0.8,0.85,0.03,0.1,0.15,0.0996,0.262176,328,314,14,0.0984,0.349164,300,285,15,0.1349,0.38526,259,240,19,0.1106,0.212002,310,284,26,0.2433,0.782644,269,249,20,0.198,0.432216,296,272,24,0.147467,6
0.75,0.95,0.05,0.1,0.25,0.102,0.259329,331,312,19,0.1011,0.340008,304,285,19,0.1436,0.36195,266,236,30,0.1084,0.205825,306,278,28,0.2271,0.675353,278,249,29,0.2018,0.400463,302,267,35,0.147333,6
0.8,0.95,0.03,0.1,0.15,0.1001,0.262859,331,314,17,0.0999,0.349512,303,285,18,0.1402,0.382117,265,240,25,0.1084,0.214207,311,284,27,0.2339,0.733983,276,249,27,0.2015,0.405157,307,271,36,0.147333,6
0.8,0.9,0.04,0.1,0.2,0.1017,0.266258,330,314,16,0.0998,0.352553,300,285,15,0.1405,0.377031,262,240,22,0.1062,0.211132,310,284,26,0.237,0.729306,273,249,24,0.1975,0.402753,299,271,28,0.147117,6
0.8,0.95,0.04,0.1,0.2,0.1001,0.262859,331,314,17,0.101,0.352355,303,285,18,0.1402,0.382117,265,240,25,0.1038,0.210153,310,284,26,0.2363,0.724203,276,249,27,0.2011,0.405546,305,271,34,0.147083,6
0.85,0.9,0.04,0.05,0.5,0.0986,0.27963,330,316,14,0.1126,0.366003,298,287,11,0.138,0.338832,260,243,17,0.1036,0.224002,309,290,19,0.2327,0.662234,272,251,21,0.1965,0.372029,298,272,26,0.147,6
0.8,0.9,0.04,0.05,0.5,0.1003,0.277839,330,314,16,0.0947,0.370651,300,285,15,0.1432,0.34569,262,240,22,0.1117,0.229925,310,284,26,0.2351,0.679169,273,249,24,0.1959,0.370618,299,271,28,0.146817,6
0.75,0.95,0.03,0.1,0.15,0.102,0.259329,331,312,19,0.1002,0.340065,304,285,19,0.1436,0.36195,266,236,30,0.1105,0.207685,307,278,29,0.2251,0.691079,278,249,29,0.1994,0.393169,305,267,38,0.1468,6
0.75,0.9,0.04,0.1,0.2,0.1036,0.262444,330,312,18,0.1009,0.345144,301,285,16,0.1437,0.358468,263,236,27,0.1082,0.204776,306,278,28,0.2276,0.687387,275,249,26,0.1966,0.394361,297,267,30,0.146767,6
0.75,0.9,0.03,0.05,0.35,0.1002,0.263914,330,312,18,0.0924,0.354249,302,285,17,0.1379,0.341309,264,236,28,0.1141,0.22864,307,278,29,0.2255,0.660457,276,249,27,0.2104,0.398791,300,267,33,0.14675,6
0.75,0.95,0.04,0.1,0.2,0.102,0.259329,331,312,19,0.1013,0.342849,304,285,19,0.1436,0.36195,266,236,30,0.106,0.20385,306,278,28,0.2269,0.683276,278,249,29,0.1999,0.396814,303,267,36,0.146617,6
0.75,0.85,0.05,0.1,0.25,0.1031,0.258875,327,312,15,0.0978,0.323683,301,285,16,0.1398,0.348021,258,236,22,0.0999,0.2055,301,279,22,0.243,0.722353,268,249,19,0.1958,0.400813,289,267,22,0.146567,6
0.85,0.95,0.04,0.1,0.5,0.0973,0.266262,331,316,15,0.1074,0.404513,302,287,15,0.1373,0.371802,264,243,21,0.104,0.214158,309,290,19,0.2304,0.653787,275,251,24,0.203,0.380271,304,272,32,0.146567,6
0.8,0.95,0.05,0.1,0.2,0.1001,0.262859,331,314,17,0.0996,0.346123,303,285,18,0.1402,0.382117,265,240,25,0.1038,0.210153,310,284,26,0.2354,0.722984,276,249,27,0.1996,0.409832,304,271,33,0.14645,6
0.85,0.95,0.05,0.1,0.5,0.0973,0.266262,331,316,15,0.1049,0.393159,302,287,15,0.1373,0.371802,264,243,21,0.104,0.214158,309,290,19,0.229,0.652038,275,251,24,0.2052,0.386501,303,272,31,0.146283,6
0.8,0.9,0.03,0.1,0.15,0.1008,0.263706,330,314,16,0.0978,0.343477,301,285,16,0.1391,0.37899,263,240,23,0.1091,0.214242,311,284,27,0.2311,0.728485,274,249,25,0.1995,0.406576,302,271,31,0.146233,6
0.85,0.95,0.03,0.1,0.25,0.0973,0.266262,331,316,15,0.1027,0.392002,302,287,15,0.1337,0.374269,264,243,21,0.102,0.212466,310,290,20,0.233,0.686116,275,251,24,0.2085,0.400083,306,272,34,0.1462,6
0.75,0.85,0.03,0.05,0.2,0.1008,0.262083,329,312,17,0.0925,0.371457,301,285,16,0.1326,0.360225,260,236,24,0.1065,0.21098,306,278,28,0.24,0.724209,271,249,22,0.2046,0.419505,294,267,27,0.146167,6
0.75,0.95,0.03,0.05,0.5,0.0824,0.259724,331,312,19,0.1055,0.430009,304,285,19,0.114,0.35198,266,236,30,0.1214,0.235253,307,278,29,0.2345,0.67258,278,249,29,0.2188,0.414399,305,267,38,0.1461,6
0.75,0.95,0.05,0.1,0.2,0.102,0.259329,331,312,19,0.0998,0.336745,304,285,19,0.1436,0.36195,266,236,30,0.106,0.20385,306,278,28,0.2262,0.682289,278,249,29,0.1986,0.400692,302,267,35,0.146033,6
0.85,0.9,0.03,0.05,0.35,0.1039,0.269991,330,316,14,0.1024,0.363446,299,287,12,0.1326,0.344647,261,243,18,0.1049,0.226724,310,290,20,0.2275,0.661647,273,251,22,0.2048,0.389374,301,272,29,0.146017,6
0.75,0.9,0.05,0.05,0.5,0.1015,0.275753,330,312,18,0.0936,0.357739,301,285,16,0.1392,0.336511,263,236,27,0.107,0.22203,306,278,28,0.2282,0.658741,275,249,26,0.2065,0.396964,295,267,28,0.146,6
0.75,0.9,0.03,0.1,0.15,0.1027,0.260108,330,312,18,0.0989,0.336252,302,285,17,0.1426,0.359711,264,236,28,0.1112,0.207718,307,278,29,0.2228,0.686609,276,249,27,0.1977,0.394403,300,267,33,0.145983,6
0.8,0.85,0.03,0.05,0.2,0.0988,0.263133,328,314,14,0.0918,0.37595,300,285,15,0.1305,0.371525,259,240,19,0.1072,0.210949,310,284,26,0.2459,0.749521,269,249,20,0.2013,0.419827,296,272,24,0.145917,6
0.8,0.9,0.03,0.05,0.35,0.099,0.265487,330,314,16,0.0916,0.358509,301,285,16,0.138,0.351282,263,240,23,0.113,0.232639,311,284,27,0.2302,0.678727,274,249,25,0.2036,0.386912,302,271,31,0.1459,6
0.85,0.9,0.04,0.1,0.25,0.1006,0.270962,330,316,14,0.107,0.391023,298,287,11,0.1349,0.36909,260,243,17,0.0954,0.20494,309,290,19,0.2339,0.688342,272,251,21,0.2034,0.401277,298,272,26,0.145867,6
0.8,0.85,0.05,0.05,0.35,0.0995,0.263628,326,314,12,0.0884,0.343812,300,285,15,0.1311,0.339403,257,240,17,0.0954,0.220008,305,285,20,0.257,0.736606,266,249,17,0.2032,0.415805,290,272,18,0.145767,6
0.8,0.9,0.05,0.1,0.2,0.1017,0.266258,330,314,16,0.0982,0.345715,300,285,15,0.1387,0.376686,262,240,22,0.1051,0.210492,310,284,26,0.2357,0.727394,273,249,24,0.1947,0.407082,297,271,26,0.145683,6
0.85,0.95,0.04,0.1,0.35,0.0973,0.266262,331,316,15,0.1046,0.39663,302,287,15,0.1351,0.373282,264,243,21,0.0966,0.207333,309,290,19,0.2335,0.671054,275,251,24,0.2069,0.39643,304,272,32,0.145667,6
0.85,0.9,0.03,0.1,0.2,0.1023,0.26823,330,316,14,0.1027,0.379818,299,287,12,0.1341,0.371128,261,243,18,0.0999,0.209847,310,290,20,0.2275,0.682004,273,251,22,0.207,0.404351,301,272,29,0.145583,6
0.8,0.95,0.04,0.1,0.15,0.1001,0.262859,331,314,17,0.0994,0.347311,303,285,18,0.1402,0.382117,265,240,25,0.1015,0.208067,310,284,26,0.2339,0.733983,276,249,27,0.1979,0.410575,305,271,34,0.1455,6
0.75,0.9,0.05,0.1,0.2,0.1036,0.262444,330,312,18,0.0993,0.338444,301,285,16,0.1424,0.358178,263,236,27,0.1071,0.204171,306,278,28,0.2265,0.685838,275,249,26,0.1939,0.398265,295,267,28,0.145467,6
0.8,0.85,0.04,0.05,0.25,0.0987,0.265836,328,314,14,0.091,0.366133,300,285,15,0.1255,0.345136,257,240,17,0.0965,0.207783,307,284,23,0.256,0.759555,267,249,18,0.2034,0.433086,292,272,20,0.145183,6
0.85,0.9,0.05,0.05,0.5,0.0986,0.27963,330,316,14,0.1095,0.355578,298,287,11,0.1376,0.338071,260,243,17,0.0983,0.219803,309,290,19,0.2307,0.659733,272,251,21,0.196,0.377517,296,272,24,0.145117,6
0.85,0.95,0.05,0.1,0.35,0.0973,0.266262,331,316,15,0.1023,0.386299,302,287,15,0.1351,0.373282,264,243,21,0.0966,0.207333,309,290,19,0.2321,0.669298,275,251,24,0.2073,0.40301,303,272,31,0.145117,6
0.75,0.95,0.04,0.1,0.15,0.102,0.259329,331,312,19,0.0996,0.337908,304,285,19,0.1436,0.36195,266,236,30,0.1037,0.201876,306,278,28,0.2251,0.691079,278,249,29,0.1963,0.397782,303,267,36,0.14505,6
0.8,0.95,0.05,0.1,0.15,0.1001,0.262859,331,314,17,0.0982,0.342345,303,285,18,0.1402,0.382117,265,240,25,0.1015,0.208067,310,284,26,0.2332,0.732984,276,249,27,0.1962,0.413934,304,271,33,0.1449,6
0.85,0.95,0.03,0.1,0.2,0.0973,0.266262,331,316,15,0.101,0.386426,302,287,15,0.133,0.374762,264,243,21,0.098,0.208824,310,290,20,0.2315,0.695187,275,251,24,0.2073,0.406634,306,272,34,0.144683,6
0.75,0.85,0.05,0.05,0.35,0.1014,0.262555,327,312,15,0.0891,0.339754,301,285,16,0.1319,0.330524,258,236,22,0.0962,0.215699,301,279,22,0.2499,0.712691,268,249,19,0.1994,0.401632,289,267,22,0.14465,6
0.8,0.9,0.05,0.05,0.5,0.1003,0.277839,330,314,16,0.0929,0.362047,300,285,15,0.1394,0.345335,262,240,22,0.106,0.225828,310,284,26,0.2333,0.676787,273,249,24,0.1955,0.375799,297,271,26,0.144567,6
0.75,0.95,0.05,0.1,0.15,0.102,0.259329,331,312,19,0.0984,0.333044,304,285,19,0.1436,0.36195,266,236,30,0.1037,0.201876,306,278,28,0.2245,0.69027,278,249,29,0.1948,0.400641,302,267,35,0.1445,6
0.85,0.9,0.05,0.1,0.25,0.1006,0.270962,330,316,14,0.1044,0.380698,298,287,11,0.1345,0.368267,260,243,17,0.0939,0.20383,309,290,19,0.2324,0.686142,272,251,21,0.2011,0.4068,296,272,24,0.144483,6
0.75,0.85,0.04,0.05,0.25,0.0999,0.264243,328,312,16,0.0918,0.361772,301,285,16,0.1272,0.335049,258,236,22,0.0973,0.204007,303,278,25,0.2492,0.733308,269,249,20,0.1999,0.415692,291,267,24,0.144217,6
0.75,0.9,0.04,0.05,0.35,0.0939,0.270433,330,312,18,0.0964,0.381538,301,285,16,0.1347,0.340712,263,236,27,0.0962,0.212936,306,278,28,0.2351,0.685088,275,249,26,0.2078,0.40847,297,267,30,0.144017,6
0.85,0.95,0.04,0.1,0.25,0.0973,0.266262,331,316,15,0.1019,0.38842,302,287,15,0.1337,0.374269,264,243,21,0.0919,0.202783,309,290,19,0.233,0.686116,275,251,24,0.2059,0.408047,304,272,32,0.14395,6
0.8,0.9,0.04,0.1,0.15,0.1002,0.265189,330,314,16,0.0985,0.351692,300,285,15,0.1366,0.378809,262,240,22,0.1022,0.208031,310,284,26,0.2337,0.74329,273,249,24,0.1911,0.411099,299,271,28,0.143717,6
0.75,0.9,0.04,0.1,0.15,0.1022,0.261476,330,312,18,0.0995,0.3443,301,285,16,0.1408,0.359505,263,236,27,0.1044,0.201842,306,278,28,0.225,0.698529,275,249,26,0.1903,0.398254,297,267,30,0.1437,6
0.8,0.9,0.04,0.05,0.35,0.0924,0.272235,330,314,16,0.0956,0.386172,300,285,15,0.134,0.350625,262,240,22,0.095,0.216465,310,284,26,0.2408,0.706045,273,249,24,0.2018,0.394308,299,271,28,0.143267,6
0.85,0.95,0.05,0.1,0.25,0.0973,0.266262,331,316,15,0.1,0.379905,302,287,15,0.1337,0.374269,264,243,21,0.0919,0.202783,309,290,19,0.2318,0.684579,275,251,24,0.2048,0.413662,303,272,31,0.14325,6
0.8,0.85,0.05,0.1,0.2,0.0961,0.261098,326,314,12,0.0968,0.336239,300,285,15,0.1317,0.368828,257,240,17,0.0919,0.207574,305,285,20,0.25,0.789554,266,249,17,0.1928,0.446339,290,272,18,0.143217,6
0.8,0.95,0.03,0.05,0.5,0.0804,0.260971,331,314,17,0.105,0.436381,303,285,18,0.1101,0.365083,265,240,25,0.1204,0.239451,311,284,27,0.2402,0.69214,276,249,27,0.2032,0.387611,307,271,36,0.143217,6
0.75,0.85,0.05,0.1,0.2,0.1002,0.25885,327,312,15,0.0979,0.329169,301,285,16,0.1363,0.349671,258,236,22,0.0935,0.200125,301,279,22,0.2388,0.735995,268,249,19,0.1911,0.40848,289,267,22,0.142967,6
0.85,0.9,0.04,0.1,0.2,0.0989,0.269761,330,316,14,0.1042,0.394624,298,287,11,0.1308,0.37103,260,243,17,0.0918,0.201672,309,290,19,0.2323,0.70075,272,251,21,0.1997,0.410658,298,272,26,0.14295,6
0.8,0.85,0.04,0.1,0.15,0.0978,0.262592,328,314,14,0.0978,0.34674,300,285,15,0.128,0.372775,257,240,17,0.0973,0.20533,307,284,23,0.2442,0.805966,267,249,18,0.1916,0.45391,292,272,20,0.142783,6
0.85,0.95,0.03,0.1,0.15,0.0973,0.266262,331,316,15,0.0991,0.379973,302,287,15,0.1323,0.375255,264,243,21,0.0939,0.204897,310,290,20,0.2289,0.705544,275,251,24,0.2043,0.413541,306,272,34,0.142633,6
0.75,0.9,0.05,0.1,0.15,0.1022,0.261476,330,312,18,0.0982,0.338627,301,285,16,0.14,0.359185,263,236,27,0.1039,0.201684,306,278,28,0.2241,0.697112,275,249,26,0.1873,0.401175,295,267,28,0.142617,6
0.85,0.95,0.04,0.1,0.2,0.0973,0.266262,331,316,15,0.1003,0.383287,302,287,15,0.133,0.374762,264,243,21,0.0897,0.200508,309,290,19,0.2315,0.695187,275,251,24,0.2038,0.41388,304,272,32,0.1426,6
0.75,0.85,0.04,0.1,0.15,0.0999,0.259123,328,312,16,0.0988,0.339456,301,285,16,0.1335,0.352101,258,236,22,0.0988,0.198202,303,278,25,0.2342,0.749015,269,249,20,0.1903,0.413526,291,267,24,0.142583,6
0.8,0.9,0.05,0.1,0.15,0.1002,0.265189,330,314,16,0.0971,0.345902,300,285,15,0.1354,0.378387,262,240,22,0.1018,0.207863,310,284,26,0.2326,0.741541,273,249,24,0.1878,0.41454,297,271,26,0.142483,6
0.85,0.9,0.04,0.05,0.35,0.0904,0.273666,330,316,14,0.1067,0.392129,298,287,11,0.1283,0.343926,260,243,17,0.0875,0.209785,309,290,19,0.2387,0.690247,272,251,21,0.2029,0.397182,298,272,26,0.142417,6
0.75,0.9,0.03,0.05,0.25,0.0939,0.263175,330,312,18,0.0932,0.36732,302,285,17,0.1313,0.34447,264,236,28,0.0992,0.217054,307,278,29,0.2276,0.685283,276,249,27,0.2092,0.41339,300,267,33,0.1424,6
0.75,0.95,0.03,0.05,0.35,0.0824,0.259724,331,312,19,0.1021,0.42005,304,285,19,0.114,0.35198,266,236,30,0.1039,0.222633,307,278,29,0.236,0.694249,278,249,29,0.2149,0.42203,305,267,38,0.142217,6
0.85,0.95,0.03,0.05,0.5,0.0783,0.261885,331,316,15,0.1049,0.458973,302,287,15,0.1145,0.350866,264,243,21,0.1119,0.233797,310,290,20,0.2381,0.675793,275,251,24,0.2045,0.390073,306,272,34,0.142033,6
0.85,0.95,0.05,0.1,0.2,0.0973,0.266262,331,316,15,0.0987,0.376021,302,287,15,0.133,0.374762,264,243,21,0.0897,0.200508,309,290,19,0.2305,0.693836,275,251,24,0.2021,0.41866,303,272,31,0.141883,6
0.8,0.9,0.03,0.05,0.25,0.0924,0.264669,330,314,16,0.0924,0.371759,301,285,16,0.1301,0.355348,263,240,23,0.098,0.220707,311,284,27,0.2324,0.706362,274,249,25,0.2059,0.406302,302,271,31,0.141867,6
0.85,0.9,0.03,0.1,0.15,0.0989,0.267655,330,316,14,0.1003,0.386146,299,287,12,0.1293,0.373235,261,243,18,0.0946,0.204994,310,290,20,0.2258,0.699387,273,251,22,0.2021,0.415066,301,272,29,0.141833,6
0.75,0.9,0.05,0.05,0.35,0.0939,0.270433,330,312,18,0.0942,0.371498,301,285,16,0.1307,0.340176,263,236,27,0.0922,0.209574,306,278,28,0.2333,0.682671,275,249,26,0.2061,0.417337,295,267,28,0.141733,6
0.85,0.9,0.05,0.1,0.2,0.0989,0.269761,330,316,14,0.1019,0.385216,298,287,11,0.1304,0.370235,260,243,17,0.0909,0.200997,309,290,19,0.2309,0.698632,272,251,21,0.1965,0.415517,296,272,24,0.141583,6
0.75,0.95,0.04,0.05,0.5,0.0824,0.259724,331,312,19,0.1043,0.424709,304,285,19,0.114,0.35198,266,236,30,0.0954,0.215176,306,278,28,0.2345,0.67258,278,249,29,0.2175,0.427683,303,267,36,0.14135,6
0.85,0.9,0.03,0.05,0.25,0.0955,0.268628,330,316,14,0.0993,0.383911,299,287,12,0.1243,0.348832,261,243,18,0.0904,0.214135,310,290,20,0.2298,0.690263,273,251,22,0.2074,0.409975,301,272,29,0.141117,6
0.8,0.9,0.05,0.05,0.35,0.0924,0.272235,330,314,16,0.0935,0.375994,300,285,15,0.1293,0.350064,262,240,22,0.091,0.213001,310,284,26,0.2388,0.703367,273,249,24,0.2003,0.401105,297,271,26,0.140883,6
0.75,0.95,0.05,0.05,0.5,0.0824,0.259724,331,312,19,0.1014,0.410156,304,285,19,0.114,0.35198,266,236,30,0.0954,0.215176,306,278,28,0.233,0.67061,278,249,29,0.2188,0.44141,302,267,35,0.140833,6
0.85,0.95,0.04,0.1,0.15,0.0973,0.266262,331,316,15,0.0985,0.377406,302,287,15,0.1323,0.375255,264,243,21,0.0875,0.198233,309,290,19,0.2289,0.705544,275,251,24,0.2004,0.419583,304,272,32,0.140817,6
0.8,0.95,0.03,0.05,0.35,0.0804,0.260971,331,314,17,0.1017,0.426285,303,285,18,0.1101,0.365083,265,240,25,0.1027,0.226455,311,284,27,0.2416,0.716258,276,249,27,0.2071,0.40538,307,271,36,0.1406,6
0.85,0.9,0.05,0.05,0.35,0.0904,0.273666,330,316,14,0.1037,0.380209,298,287,11,0.1277,0.342781,260,243,17,0.0838,0.206234,309,290,19,0.2366,0.687435,272,251,21,0.2012,0.404386,296,272,24,0.140567,6
0.85,0.95,0.05,0.1,0.15,0.0973,0.266262,331,316,15,0.0972,0.371616,302,287,15,0.1323,0.375255,264,243,21,0.0875,0.198233,309,290,19,0.2281,0.704437,275,251,24,0.1984,0.423327,303,272,31,0.140133,6
0.8,0.85,0.04,0.05,0.2,0.0935,0.26487,328,314,14,0.0911,0.372745,300,285,15,0.1194,0.348285,257,240,17,0.0876,0.202956,307,284,23,0.2499,0.777228,267,249,18,0.1963,0.445981,292,272,20,0.139633,6
0.75,0.85,0.03,0.05,0.15,0.0946,0.261948,329,312,17,0.0921,0.376539,301,285,16,0.1244,0.357952,260,236,24,0.0948,0.205262,306,278,28,0.2335,0.747589,271,249,22,0.1971,0.431544,294,267,27,0.139417,6
0.75,0.85,0.04,0.05,0.2,0.0949,0.263355,328,312,16,0.0918,0.368295,301,285,16,0.1219,0.337465,258,236,22,0.0885,0.199284,303,278,25,0.2438,0.749112,269,249,20,0.1941,0.42617,291,267,24,0.139167,6
0.8,0.85,0.03,0.05,0.15,0.0921,0.262735,328,314,14,0.0913,0.381102,300,285,15,0.1215,0.37014,259,240,19,0.0956,0.206918,310,284,26,0.2385,0.775669,269,249,20,0.1953,0.436926,296,272,24,0.13905,6
0.85,0.9,0.04,0.1,0.15,0.0972,0.268561,330,316,14,0.1011,0.396649,298,287,11,0.1264,0.373155,260,243,17,0.0882,0.198265,309,290,19,0.2287,0.715505,272,251,21,0.1927,0.42011,298,272,26,0.13905,6
0.85,0.95,0.03,0.05,0.35,0.0783,0.261885,331,316,15,0.1015,0.448028,302,287,15,0.1108,0.353233,264,243,21,0.0948,0.220076,310,290,20,0.2396,0.700776,275,251,24,0.2087,0.409003,306,272,34,0.13895,6
0.75,0.9,0.03,0.05,0.2,0.0907,0.262525,330,312,18,0.093,0.372342,302,285,17,0.1271,0.346137,264,236,28,0.0913,0.210099,307,278,29,0.226,0.702099,276,249,27,0.2042,0.421018,300,267,33,0.138717,6
0.75,0.9,0.04,0.05,0.25,0.0893,0.266887,330,312,18,0.0955,0.386691,301,285,16,0.1277,0.343771,263,236,27,0.0852,0.202968,306,278,28,0.2337,0.708072,275,249,26,0.2004,0.422012,297,267,30,0.138633,6
0.8,0.95,0.04,0.05,0.5,0.0804,0.260971,331,314,17,0.1039,0.431008,303,285,18,0.1101,0.365083,265,240,25,0.0942,0.218775,310,284,26,0.2402,0.69214,276,249,27,0.2029,0.395419,305,271,34,0.138617,6
0.8,0.9,0.03,0.05,0.2,0.0891,0.263966,330,314,16,0.0922,0.37685,301,285,16,0.1252,0.357521,263,240,23,0.09,0.213545,311,284,27,0.2305,0.725131,274,249,25,0.2028,0.417534,302,271,31,0.1383,6
0.8,0.85,0.05,0.05,0.25,0.0911,0.262762,326,314,12,0.0894,0.358492,300,285,15,0.1211,0.344323,257,240,17,0.0804,0.206128,305,285,20,0.2527,0.763709,266,249,17,0.1949,0.43908,290,272,18,0.138267,6
0.8,0.9,0.04,0.05,0.25,0.0876,0.268499,330,314,16,0.0947,0.391396,300,285,15,0.1258,0.354583,262,240,22,0.0839,0.206201,310,284,26,0.2391,0.73167,273,249,24,0.1983,0.413904,299,271,28,0.138233,6
0.75,0.85,0.05,0.1,0.15,0.0971,0.258615,327,312,15,0.0975,0.334099,301,285,16,0.1324,0.35159,258,236,22,0.087,0.194285,301,279,22,0.2311,0.753368,268,249,19,0.1836,0.415923,289,267,22,0.138117,6
0.8,0.95,0.05,0.05,0.5,0.0804,0.260971,331,314,17,0.1009,0.416255,303,285,18,0.1101,0.365083,265,240,25,0.0942,0.218775,310,284,26,0.2385,0.689957,276,249,27,0.2039,0.403487,304,271,33,0.138,6
0.75,0.85,0.05,0.05,0.25,0.0937,0.262027,327,312,15,0.0901,0.354235,301,285,16,0.1234,0.334306,258,236,22,0.0814,0.202218,301,279,22,0.2463,0.737009,268,249,19,0.1928,0.42055,289,267,22,0.13795,6
0.85,0.9,0.05,0.1,0.15,0.0972,0.268561,330,316,14,0.0992,0.388661,298,287,11,0.126,0.372443,260,243,17,0.0878,0.198089,309,290,19,0.2274,0.713566,272,251,21,0.189,0.423975,296,272,24,0.137767,6
0.75,0.95,0.04,0.05,0.35,0.0824,0.259724,331,312,19,0.101,0.414778,304,285,19,0.114,0.35198,266,236,30,0.0838,0.203812,306,278,28,0.236,0.694249,278,249,29,0.2091,0.435261,303,267,36,0.137717,6
0.75,0.95,0.03,0.05,0.25,0.0824,0.259724,331,312,19,0.0989,0.409016,304,285,19,0.114,0.35198,266,236,30,0.0916,0.211949,307,278,29,0.232,0.714419,278,249,29,0.2065,0.428219,305,267,38,0.137567,6
0.85,0.95,0.04,0.05,0.5,0.0783,0.261885,331,316,15,0.1037,0.453148,302,287,15,0.1145,0.350866,264,243,21,0.0867,0.212025,309,290,19,0.2381,0.675793,275,251,24,0.2041,0.398319,304,272,32,0.137567,6
0.8,0.85,0.05,0.1,0.15,0.0924,0.260571,326,314,12,0.0965,0.341272,300,285,15,0.1265,0.37209,257,240,17,0.0852,0.201403,305,285,20,0.2403,0.811506,266,249,17,0.1826,0.457559,290,272,18,0.13725,6
0.85,0.9,0.03,0.05,0.2,0.091,0.267425,330,316,14,0.0974,0.392818,299,287,12,0.119,0.351055,261,243,18,0.0827,0.206574,310,290,20,0.2279,0.709537,273,251,22,0.2041,0.421909,301,272,29,0.137017,6
0.85,0.95,0.05,0.05,0.5,0.0783,0.261885,331,316,15,0.1007,0.437155,302,287,15,0.1145,0.350866,264,243,21,0.0867,0.212025,309,290,19,0.2363,0.673501,275,251,24,0.2051,0.406839,303,272,31,0.136933,6
0.8,0.95,0.03,0.05,0.25,0.0804,0.260971,331,314,17,0.0985,0.415099,303,285,18,0.1101,0.365083,265,240,25,0.0903,0.215453,311,284,27,0.2371,0.73879,276,249,27,0.2037,0.419693,307,271,36,0.136683,6
0.85,0.9,0.04,0.05,0.25,0.0855,0.269689,330,316,14,0.1018,0.404954,298,287,11,0.1196,0.347988,260,243,17,0.0768,0.198922,309,290,19,0.2369,0.716652,272,251,21,0.1993,0.418001,298,272,26,0.13665,6
0.75,0.95,0.05,0.05,0.35,0.0824,0.259724,331,312,19,0.0983,0.401535,304,285,19,0.114,0.35198,266,236,30,0.0838,0.203812,306,278,28,0.2344,0.692272,278,249,29,0.2055,0.445968,302,267,35,0.1364,6
0.8,0.95,0.04,0.05,0.35,0.0804,0.260971,331,314,17,0.1006,0.42094,303,285,18,0.1101,0.365083,265,240,25,0.0824,0.207072,310,284,26,0.2416,0.716258,276,249,27,0.2029,0.41549,305,271,34,0.136333,6
0.75,0.9,0.05,0.05,0.25,0.0893,0.266887,330,312,18,0.0935,0.377143,301,285,16,0.1241,0.343163,263,236,27,0.0825,0.200479,306,278,28,0.2321,0.705597,275,249,26,0.1961,0.429136,295,267,28,0.136267,6
0.8,0.9,0.05,0.05,0.25,0.0876,0.268499,330,314,16,0.0928,0.381718,300,285,15,0.1215,0.353935,262,240,22,0.0812,0.203637,310,284,26,0.2372,0.728929,273,249,24,0.1945,0.420198,297,271,26,0.1358,6
0.8,0.95,0.05,0.05,0.35,0.0804,0.260971,331,314,17,0.0979,0.407515,303,285,18,0.1101,0.365083,265,240,25,0.0824,0.207072,310,284,26,0.2399,0.714066,276,249,27,0.2003,0.423672,304,271,33,0.135167,6
0.85,0.95,0.04,0.05,0.35,0.0783,0.261885,331,316,15,0.1003,0.442234,302,287,15,0.1108,0.353233,264,243,21,0.0755,0.199682,309,290,19,0.2396,0.700776,275,251,24,0.2042,0.41968,304,272,32,0.134783,6
0.85,0.9,0.05,0.05,0.25,0.0855,0.269689,330,316,14,0.0992,0.393606,298,287,11,0.119,0.346743,260,243,17,0.0744,0.196294,309,290,19,0.2349,0.713773,272,251,21,0.1952,0.424675,296,272,24,0.1347,6
0.85,0.95,0.03,0.05,0.25,0.0783,0.261885,331,316,15,0.0981,0.435902,302,287,15,0.1085,0.354812,264,243,21,0.083,0.208475,310,290,20,0.2348,0.723852,275,251,24,0.2051,0.424228,306,272,34,0.134633,6
0.75,0.9,0.04,0.05,0.2,0.0872,0.265114,330,312,18,0.0945,0.387258,301,285,16,0.1236,0.345437,263,236,27,0.0797,0.197608,306,278,28,0.23,0.723119,275,249,26,0.1923,0.428125,297,267,30,0.13455,6
0.75,0.95,0.03,0.05,0.2,0.0824,0.259724,331,312,19,0.0968,0.401972,304,285,19,0.114,0.35198,266,236,30,0.0855,0.205927,307,278,29,0.2278,0.727069,278,249,29,0.1995,0.431299,305,267,38,0.134333,6
0.8,0.9,0.04,0.05,0.2,0.0854,0.266631,330,314,16,0.0937,0.391971,300,285,15,0.121,0.356757,262,240,22,0.0784,0.200681,310,284,26,0.2348,0.7485,273,249,24,0.1917,0.424218,299,271,28,0.134167,6
0.8,0.95,0.03,0.05,0.2,0.0804,0.260971,331,314,17,0.0965,0.407959,303,285,18,0.1101,0.365083,265,240,25,0.0842,0.20925,311,284,27,0.2323,0.752958,276,249,27,0.1985,0.427381,307,271,36,0.133667,6
0.85,0.95,0.05,0.05,0.35,0.0783,0.261885,331,316,15,0.0975,0.427681,302,287,15,0.1108,0.353233,264,243,21,0.0755,0.199682,309,290,19,0.2378,0.698475,275,251,24,0.2015,0.42832,303,272,31,0.133567,6
0.75,0.9,0.03,0.05,0.15,0.0875,0.261689,330,312,18,0.0922,0.375806,302,285,17,0.1222,0.347838,264,236,28,0.0833,0.20232,307,278,29,0.2214,0.723143,276,249,27,0.1942,0.42831,300,267,33,0.133467,6
0.75,0.95,0.04,0.05,0.25,0.0824,0.259724,331,312,19,0.0978,0.404424,304,285,19,0.114,0.35198,266,236,30,0.0769,0.196235,306,278,28,0.232,0.714419,278,249,29,0.1976,0.43906,303,267,36,0.13345,6
0.8,0.9,0.03,0.05,0.15,0.0857,0.263066,330,314,16,0.0915,0.380362,301,285,16,0.1195,0.359764,263,240,23,0.0819,0.205534,311,284,27,0.2253,0.748674,274,249,25,0.1942,0.429287,302,271,31,0.133017,6
0.75,0.85,0.05,0.05,0.2,0.0895,0.26128,327,312,15,0.0903,0.360977,301,285,16,0.1185,0.336696,258,236,22,0.0739,0.194494,301,279,22,0.2402,0.753915,268,249,19,0.1848,0.429971,289,267,22,0.132867,6
0.8,0.95,0.04,0.05,0.25,0.0804,0.260971,331,314,17,0.0975,0.410444,303,285,18,0.1101,0.365083,265,240,25,0.0755,0.19927,310,284,26,0.2371,0.73879,276,249,27,0.1959,0.429252,305,271,34,0.13275,6
0.8,0.85,0.05,0.05,0.2,0.0865,0.261791,326,314,12,0.0895,0.365327,300,285,15,0.1155,0.347433,257,240,17,0.0729,0.198175,305,285,20,0.2458,0.782629,266,249,17,0.1854,0.450672,290,272,18,0.1326,6
0.75,0.9,0.05,0.05,0.2,0.0872,0.265114,330,312,18,0.0927,0.378567,301,285,16,0.1205,0.344827,263,236,27,0.0778,0.195695,306,278,28,0.2285,0.720699,275,249,26,0.1872,0.433892,295,267,28,0.132317,6
0.85,0.9,0.04,0.05,0.2,0.0832,0.267701,330,316,14,0.0989,0.409284,298,287,11,0.1146,0.350209,260,243,17,0.0716,0.193076,309,290,19,0.2324,0.733826,272,251,21,0.1925,0.428967,298,272,26,0.1322,6
0.75,0.85,0.04,0.05,0.15,0.0894,0.261931,328,312,16,0.0914,0.37362,301,285,16,0.1159,0.340202,258,236,22,0.0788,0.192743,303,278,25,0.2336,0.770174,269,249,20,0.1834,0.436396,291,267,24,0.132083,6
0.75,0.95,0.05,0.05,0.25,0.0824,0.259724,331,312,19,0.0956,0.393509,304,285,19,0.114,0.35198,266,236,30,0.0769,0.196235,306,278,28,0.2308,0.712687,278,249,29,0.1923,0.44664,302,267,35,0.132,6
0.8,0.9,0.05,0.05,0.2,0.0854,0.266631,330,314,16,0.092,0.383161,300,285,15,0.1174,0.356098,262,240,22,0.0765,0.19871,310,284,26,0.2331,0.745818,273,249,24,0.1869,0.429651,297,271,26,0.131883,6
0.8,0.85,0.04,0.05,0.15,0.0878,0.263335,328,314,14,0.0907,0.378143,300,285,15,0.1126,0.351867,257,240,17,0.0778,0.196257,307,284,23,0.2385,0.800865,267,249,18,0.1836,0.458567,292,272,20,0.131833,6
0.85,0.95,0.03,0.05,0.2,0.0783,0.261885,331,316,15,0.0961,0.428162,302,287,15,0.1074,0.355601,264,243,21,0.0771,0.201938,310,290,20,0.2298,0.738251,275,251,24,0.1997,0.432403,306,272,34,0.1314,6
0.8,0.95,0.05,0.05,0.25,0.0804,0.260971,331,314,17,0.0952,0.39938,303,285,18,0.1101,0.365083,265,240,25,0.0755,0.19927,310,284,26,0.2357,0.736872,276,249,27,0.1912,0.435935,304,271,33,0.13135,6
0.85,0.9,0.03,0.05,0.15,0.0863,0.265853,330,316,14,0.0949,0.400155,299,287,12,0.113,0.353336,261,243,18,0.075,0.198114,310,290,20,0.2224,0.733542,273,251,22,0.1951,0.434401,301,272,29,0.131117,6
0.85,0.95,0.04,0.05,0.25,0.0783,0.261885,331,316,15,0.0971,0.430856,302,287,15,0.1085,0.354812,264,243,21,0.0688,0.191453,309,290,19,0.2348,0.723852,275,251,24,0.1969,0.434323,304,272,32,0.130733,6
0.75,0.95,0.04,0.05,0.2,0.0824,0.259724,331,312,19,0.096,0.397948,304,285,19,0.114,0.35198,266,236,30,0.0737,0.192447,306,278,28,0.2278,0.727069,278,249,29,0.1899,0.440269,303,267,36,0.130633,6
0.75,0.95,0.03,0.05,0.15,0.0824,0.259724,331,312,19,0.0946,0.393818,304,285,19,0.114,0.35198,266,236,30,0.0795,0.19945,307,278,29,0.2216,0.741915,278,249,29,0.1902,0.434097,305,267,38,0.130383,6
0.85,0.9,0.05,0.05,0.2,0.0832,0.267701,330,316,14,0.0967,0.398909,298,287,11,0.1141,0.349006,260,243,17,0.0698,0.191056,309,290,19,0.2306,0.731011,272,251,21,0.1874,0.434728,296,272,24,0.1303,6
0.8,0.95,0.04,0.05,0.2,0.0804,0.260971,331,314,17,0.0956,0.40388,303,285,18,0.1101,0.365083,265,240,25,0.0723,0.195369,310,284,26,0.2323,0.752958,276,249,27,0.1895,0.435818,305,271,34,0.130033,6
0.8,0.95,0.03,0.05,0.15,0.0804,0.260971,331,314,17,0.0942,0.399693,303,285,18,0.1101,0.365083,265,240,25,0.0781,0.20258,311,284,27,0.2255,0.769614,276,249,27,0.1902,0.435151,307,271,36,0.12975,6
0.75,0.9,0.04,0.05,0.15,0.0851,0.26334,330,312,18,0.0931,0.386245,301,285,16,0.1191,0.347188,263,236,27,0.0745,0.191997,306,278,28,0.2233,0.7415,275,249,26,0.1807,0.433333,297,267,30,0.1293,6
0.85,0.95,0.05,0.05,0.25,0.0783,0.261885,331,316,15,0.0948,0.418861,302,287,15,0.1085,0.354812,264,243,21,0.0688,0.191453,309,290,19,0.2333,0.721838,275,251,24,0.1919,0.44138,303,272,31,0.129267,6
0.75,0.95,0.05,0.05,0.2,0.0824,0.259724,331,312,19,0.0941,0.388635,304,285,19,0.114,0.35198,266,236,30,0.0737,0.192447,306,278,28,0.2267,0.725548,278,249,29,0.1845,0.446138,302,267,35,0.129233,6
0.75,0.85,0.03,0.05,0.1,0.0873,0.26093,329,312,17,0.091,0.379687,301,285,16,0.1154,0.355693,260,236,24,0.0805,0.195611,306,278,28,0.2194,0.780032,271,249,22,0.1806,0.443077,294,267,27,0.129033,6
0.8,0.9,0.04,0.05,0.15,0.0832,0.264763,330,314,16,0.0923,0.390945,300,285,15,0.1159,0.359057,262,240,22,0.0731,0.194903,310,284,26,0.2273,0.769109,273,249,24,0.1808,0.434307,299,271,28,0.128767,6
0.8,0.95,0.05,0.05,0.2,0.0804,0.260971,331,314,17,0.0937,0.394438,303,285,18,0.1101,0.365083,265,240,25,0.0723,0.195369,310,284,26,0.2312,0.751273,276,249,27,0.1844,0.441337,304,271,33,0.128683,6
0.8,0.85,0.03,0.05,0.1,0.0842,0.261328,328,314,14,0.0903,0.384294,300,285,15,0.1115,0.368815,259,240,19,0.0806,0.198361,310,284,26,0.2229,0.812108,269,249,20,0.1791,0.454932,296,272,24,0.1281,6
0.85,0.95,0.04,0.05,0.2,0.0783,0.261885,331,316,15,0.0952,0.42374,302,287,15,0.1074,0.355601,264,243,21,0.0657,0.187338,309,290,19,0.2298,0.738251,275,251,24,0.1902,0.441312,304,272,32,0.127767,6
0.75,0.9,0.05,0.05,0.15,0.0851,0.26334,330,312,18,0.0916,0.378887,301,285,16,0.1168,0.346609,263,236,27,0.0732,0.190752,306,278,28,0.222,0.739248,275,249,26,0.1755,0.43753,295,267,28,0.127367,6
0.75,0.95,0.04,0.05,0.15,0.0824,0.259724,331,312,19,0.0938,0.390528,304,285,19,0.114,0.35198,266,236,30,0.0706,0.188659,306,278,28,0.2216,0.741915,278,249,29,0.181,0.440858,303,267,36,0.127233,6
0.85,0.95,0.03,0.05,0.15,0.0783,0.261885,331,316,15,0.0937,0.419201,302,287,15,0.1063,0.35639,264,243,21,0.0713,0.19491,310,290,20,0.2226,0.755087,275,251,24,0.191,0.440662,306,272,34,0.1272,6
0.8,0.9,0.05,0.05,0.15,0.0832,0.264763,330,314,16,0.0908,0.383486,300,285,15,0.1132,0.358416,262,240,22,0.0719,0.193621,310,284,26,0.2259,0.766615,273,249,24,0.1756,0.438506,297,271,26,0.126767,6
0.8,0.95,0.04,0.05,0.15,0.0804,0.260971,331,314,17,0.0935,0.396358,303,285,18,0.1101,0.365083,265,240,25,0.0692,0.191468,310,284,26,0.2255,0.769614,276,249,27,0.1811,0.441906,305,271,34,0.126633,6
0.85,0.9,0.04,0.05,0.15,0.081,0.265713,330,316,14,0.0958,0.411863,298,287,11,0.1092,0.352552,260,243,17,0.0665,0.186953,309,290,19,0.2245,0.754698,272,251,21,0.1811,0.439702,298,272,26,0.12635,6
0.85,0.95,0.05,0.05,0.2,0.0783,0.261885,331,316,15,0.0932,0.413504,302,287,15,0.1074,0.355601,264,243,21,0.0657,0.187338,309,290,19,0.2285,0.736481,275,251,24,0.1849,0.447141,303,272,31,0.126333,6
0.75,0.9,0.03,0.05,0.1,0.0842,0.260667,330,312,18,0.0909,0.377235,302,285,17,0.1167,0.349549,264,236,28,0.0752,0.193678,307,278,29,0.2127,0.749756,276,249,27,0.178,0.434501,300,267,33,0.126283,6
0.75,0.85,0.05,0.05,0.15,0.0851,0.260193,327,312,15,0.09,0.367037,301,285,16,0.1133,0.339454,258,236,22,0.0665,0.186057,301,279,22,0.2293,0.775717,268,249,19,0.1732,0.438831,289,267,22,0.126233,6
0.75,0.95,0.05,0.05,0.15,0.0824,0.259724,331,312,19,0.0923,0.383106,304,285,19,0.114,0.35198,266,236,30,0.0706,0.188659,306,278,28,0.2208,0.740668,278,249,29,0.1762,0.445021,302,267,35,0.12605,6
0.75,0.95,0.03,0.05,0.1,0.0824,0.259724,331,312,19,0.092,0.384485,304,285,19,0.114,0.35198,266,236,30,0.0735,0.192519,307,278,29,0.2135,0.759386,278,249,29,0.1785,0.436329,305,267,38,0.12565,6
0.8,0.9,0.03,0.05,0.1,0.0823,0.261969,330,314,16,0.0902,0.381811,301,285,16,0.1132,0.362053,263,240,23,0.0739,0.196636,311,284,27,0.2157,0.778524,274,249,25,0.1781,0.440693,302,271,31,0.125567,6
0.8,0.95,0.05,0.05,0.15,0.0804,0.260971,331,314,17,0.092,0.388834,303,285,18,0.1101,0.365083,265,240,25,0.0692,0.191468,310,284,26,0.2246,0.768232,276,249,27,0.1763,0.446066,304,271,33,0.125433,6
0.8,0.85,0.05,0.05,0.15,0.0819,0.26044,326,314,12,0.0893,0.37147,300,285,15,0.1096,0.351025,257,240,17,0.0654,0.189489,305,285,20,0.2338,0.807116,266,249,17,0.1719,0.461573,290,272,18,0.125317,6
0.8,0.95,0.03,0.05,0.1,0.0804,0.260971,331,314,17,0.0917,0.390232,303,285,18,0.1101,0.365083,265,240,25,0.0722,0.195443,311,284,27,0.2166,0.78925,276,249,27,0.1785,0.442649,307,271,36,0.124917,6
0.85,0.9,0.05,0.05,0.15,0.081,0.265713,330,316,14,0.0939,0.403025,298,287,11,0.1088,0.351473,260,243,17,0.0654,0.185638,309,290,19,0.223,0.75208,272,251,21,0.1757,0.444158,296,272,24,0.124633,6
0.85,0.95,0.04,0.05,0.15,0.0783,0.261885,331,316,15,0.093,0.415585,302,287,15,0.1063,0.35639,264,243,21,0.0628,0.183224,309,290,19,0.2226,0.755087,275,251,24,0.1815,0.447797,304,272,32,0.124083,6
0.75,0.95,0.04,0.05,0.1,0.0824,0.259724,331,312,19,0.0915,0.382103,304,285,19,0.114,0.35198,266,236,30,0.0676,0.184871,306,278,28,0.2135,0.759386,278,249,29,0.1711,0.440696,303,267,36,0.12335,6
0.85,0.9,0.03,0.05,0.1,0.0816,0.263895,330,316,14,0.092,0.405295,299,287,12,0.1064,0.355649,261,243,18,0.0672,0.188713,310,290,20,0.2124,0.763742,273,251,22,0.1783,0.446535,301,272,29,0.122983,6
0.85,0.95,0.05,0.05,0.15,0.0783,0.261885,331,316,15,0.0914,0.407429,302,287,15,0.1063,0.35639,264,243,21,0.0628,0.183224,309,290,19,0.2217,0.753636,275,251,24,0.1765,0.45219,303,272,31,0.122833,6
0.75,0.9,0.04,0.05,0.1,0.083,0.261567,330,312,18,0.0912,0.383464,301,285,16,0.1143,0.349019,263,236,27,0.0693,0.186135,306,278,28,0.213,0.764149,275,249,26,0.1657,0.437171,297,267,30,0.12275,6
0.75,0.85,0.04,0.05,0.1,0.0836,0.259912,328,312,16,0.0905,0.377319,301,285,16,0.1094,0.343268,258,236,22,0.0685,0.184068,303,278,25,0.2167,0.798862,269,249,20,0.167,0.445583,291,267,24,0.122617,6
0.8,0.95,0.04,0.05,0.1,0.0804,0.260971,331,314,17,0.0911,0.387817,303,285,18,0.1101,0.365083,265,240,25,0.0663,0.187567,310,284,26,0.2166,0.78925,276,249,27,0.1709,0.44727,305,271,34,0.122567,6
0.75,0.95,0.05,0.05,0.1,0.0824,0.259724,331,312,19,0.0904,0.376864,304,285,19,0.114,0.35198,266,236,30,0.0676,0.184871,306,278,28,0.2129,0.758481,278,249,29,0.1673,0.443247,302,267,35,0.122433,6
0.85,0.95,0.03,0.05,0.1,0.0783,0.261885,331,316,15,0.0911,0.408944,302,287,15,0.1052,0.357179,264,243,21,0.0656,0.187391,310,290,20,0.2133,0.774829,275,251,24,0.1788,0.448636,306,272,34,0.12205,6
0.8,0.9,0.04,0.05,0.1,0.0811,0.262895,330,314,16,0.0905,0.388125,300,285,15,0.1105,0.361478,262,240,22,0.068,0.188868,310,284,26,0.216,0.794572,273,249,24,0.1653,0.443517,299,271,28,0.1219,6
0.8,0.95,0.05,0.05,0.1,0.0804,0.260971,331,314,17,0.0901,0.382506,303,285,18,0.1101,0.365083,265,240,25,0.0663,0.187567,310,284,26,0.216,0.788247,276,249,27,0.167,0.449969,304,271,33,0.12165,6
0.8,0.85,0.04,0.05,0.1,0.0817,0.26117,328,314,14,0.0898,0.381893,300,285,15,0.1053,0.355899,257,240,17,0.0674,0.187362,307,284,23,0.22,0.833191,267,249,18,0.1648,0.469873,292,272,20,0.1215,6
0.75,0.9,0.05,0.05,0.1,0.083,0.261567,330,312,18,0.0901,0.377965,301,285,16,0.1129,0.34851,263,236,27,0.0688,0.185652,306,278,28,0.212,0.762263,275,249,26,0.1613,0.43973,295,267,28,0.12135,6
0.8,0.9,0.05,0.05,0.1,0.0811,0.262895,330,314,16,0.0894,0.38255,300,285,15,0.1089,0.360895,262,240,22,0.0674,0.18837,310,284,26,0.2149,0.792482,273,249,24,0.1608,0.446228,297,271,26,0.120417,6
0.85,0.95,0.04,0.05,0.1,0.0783,0.261885,331,316,15,0.0906,0.406327,302,287,15,0.1052,0.357179,264,243,21,0.06,0.17911,309,290,19,0.2133,0.774829,275,251,24,0.1709,0.453516,304,272,32,0.119717,6
0.85,0.9,0.04,0.05,0.1,0.0789,0.263724,330,316,14,0.0923,0.412392,298,287,11,0.1036,0.35501,260,243,17,0.0616,0.180553,309,290,19,0.2126,0.780276,272,251,21,0.165,0.449517,298,272,26,0.119,6
0.85,0.95,0.05,0.05,0.1,0.0783,0.261885,331,316,15,0.0895,0.400569,302,287,15,0.1052,0.357179,264,243,21,0.06,0.17911,309,290,19,0.2126,0.773777,275,251,24,0.1669,0.456366,303,272,31,0.11875,6
0.75,0.85,0.05,0.05,0.1,0.0807,0.258754,327,312,15,0.0894,0.372109,301,285,16,0.1079,0.342609,258,236,22,0.0593,0.176864,301,279,22,0.2126,0.804363,268,249,19,0.158,0.446583,289,267,22,0.117983,6
0.85,0.9,0.05,0.05,0.1,0.0789,0.263724,330,316,14,0.0909,0.405736,298,287,11,0.1032,0.354159,260,243,17,0.0611,0.180042,309,290,19,0.2115,0.778082,272,251,21,0.1604,0.452395,296,272,24,0.117667,6
0.8,0.85,0.05,0.05,0.1,0.0772,0.258696,326,314,12,0.0887,0.376611,300,285,15,0.1035,0.355137,257,240,17,0.0582,0.180024,305,285,20,0.2155,0.839415,266,249,17,0.1548,0.47111,290,272,18,0.116317,6
